"","genus","species","MFG","genspp","source"
"6510","Chlorella","","9b-SmallChlor","Chlorella sp.","Salmaso & Padisak 2007"
"4081","Pteromonas","","3a-UnicPhyto","Pteromonas","Tolotti et al. 2010"
"4511","Tetrachlorella","","9b-SmallChlor","Tetrachlorella","Tolotti et al. 2010"
"2162","2","cell","NA","2 cell","description"
"1100","Acanthoceras","zachariasii","6a2-LUniCent","Acanthoceras zachariasii","Salmaso Geisha Powell Center Workshop"
"1","Acanthosphaera","","9b-SmallChlor","Acanthosphaera","Salmaso Geisha Powell Center Workshop"
"499","Achnanthes","","7b-SmallPenn","Achnanthes","Salmaso & Padisak 2007"
"6610","Achnanthes","exigua","7b-SmallPenn","Achnanthes exigua","Salmaso & Padisak 2007"
"6710","Achnanthes","lanceolata","7b-SmallPenn","Achnanthes lanceolata","Salmaso & Padisak 2007"
"6810","Achnanthes","minutissima","7b-SmallPenn","Achnanthes minutissima","Salmaso & Padisak 2007"
"3641","Achnanthes","","7b-SmallPenn","Achnanthes","Li et al. 2018"
"2","Achnanthidium","catenatum","6b1-LColPenn","Achnanthidium catenatum","Salmaso Geisha Powell Center Workshop"
"378","Achnanthidium","minutissimum","7b-SmallPenn","Achnanthidium minutissimum","Salmaso Geisha Powell Center Workshop"
"4701","Achnanthidium","minutissimum complex","7b-SmallPenn","Achnanthidium minutissimum complex","Salmaso Geisha Powell Center Workshop"
"1103","Achnanthidium","","7b-SmallPenn","Achnanthidium","Rimet et al. 2018"
"2102","Achnanthidium","exiguum","7b-SmallPenn","Achnanthidium exiguum","Rimet et al. 2018"
"323","Achroonema","articulatum","5a-FilaCyano","Achroonema articulatum","Rimet et al. 2018"
"571","Actinastrum","hantzschii","1a-LargeChry","Actinastrum hantzschii","Salmaso Geisha Powell Center Workshop"
"572","Actinastrum","","1a-LargeChry","Actinastrum","Salmaso Geisha Powell Center Workshop"
"3451","Actinastrum","","1b-LargeDino","Actinastrum","Li et al. 2018"
"4561","Actinastrum","","1a-LargeChry","Actinastrum","Tolotti et al. 2010"
"514","Actinocyclus","","6a2-LUniCent","Actinocyclus","Salmaso Geisha Powell Center Workshop"
"5","Actinotaenium","cruciferum","9a-SmallConj","Actinotaenium cruciferum","Algaebase"
"6","Actinotaenium","","9a-SmallConj","Actinotaenium","Algaebase"
"541","Acutodesmus","acuminatus","9b-SmallChlor","Acutodesmus acuminatus","Li et al. 2018"
"3051","Acutodesmus","dimorphus","1a-LargeChry","Acutodesmus dimorphus","Li et al. 2018"
"7","Amphidinium","","2b-SmallDino","Amphidinium","Phytopedia"
"8","Amphikrikos","minutissimus","9b-SmallChlor","Amphikrikos minutissimus","Algaebase"
"9","Amphikrikos","","9b-SmallChlor","Amphikrikos","Algaebase"
"10","Amphipleura","pellucida","6b2-LUniPenn","Amphipleura pellucida","Western Diatoms of North America"
"7010","Amphora","ovalis","6b","Amphora ovalis","Salmaso & Padisak 2007"
"7110","Amphora","ovalis pediculus","6b","Amphora ovalis pediculus","Salmaso & Padisak 2007"
"7210","Amphora","pediculus","6b","Amphora pediculus","Salmaso & Padisak 2007"
"4401","Amphora","inariensis","7b-SmallPenn","Amphora inariensis","Tolotti et al. 2010"
"410","Amphora","","6b2-LUniPenn","Amphora","Rimet et al. 2018"
"515","Amphora","copulata","6b2-LUniPenn","Amphora copulata","Rimet et al. 2018"
"415","Anabaena","","5e-Nostocales","Anabaena","Salmaso & Padisak 2007"
"4311","Anabaena","lemmermannii","5e","Anabaena lemmermannii","Salmaso & Padisak 2007"
"7310","Anabaena","circinalis","5e","Anabaena circinalis","Salmaso & Padisak 2007"
"7510","Anabaena","mendotae","5e","Anabaena mendotae","Salmaso & Padisak 2007"
"767","Anabaena","","5e","Anabaena","Salmaso & Padisak 2007"
"2931","Anabaena","","5e-Nostocales","Anabaena","Li et al. 2018"
"4181","Anabaena","","5a-FilaCyano","Anabaena","Tolotti et al. 2010"
"4741","Anabaena","","5e-Nostocales","Anabaena","Salmaso Geisha Powell Center Workshop"
"810","Anabaenopsis","","5e-Nostocales","Anabaenopsis","Salmaso Geisha Powell Center Workshop"
"6102","Anagnostidinema","acutissimum","5a-FilaCyano","Anagnostidinema acutissimum","Rimet et al. 2018"
"768","Anagnostidinema","amphibium","5a-FilaCyano","Anagnostidinema amphibium","Rimet et al. 2018"
"814","Anathece","bachmannii","5c-OtherChroo","Anathece bachmannii","Rimet et al. 2018"
"914","Anathece","clathrata","5c-OtherChroo","Anathece clathrata","Rimet et al. 2018"
"1014","Anathece","smithii","5c-OtherChroo","Anathece smithii","Rimet et al. 2018"
"197","Ankistrodesmus","","1a-LargeChry","Ankistrodesmus","Salmaso Geisha Powell Center Workshop"
"543","Ankistrodesmus","falcatus","9b-SmallChlor","Ankistrodesmus falcatus","Salmaso Geisha Powell Center Workshop"
"772","Ankistrodesmus","arcuatus","9b-SmallChlor","Ankistrodesmus arcuatus","Salmaso & Padisak 2007"
"3061","Ankistrodesmus","","1a-LargeChry","Ankistrodesmus","Li et al. 2018"
"544","Ankyra","ancora","9b-SmallChlor","Ankyra ancora","Salmaso Geisha Powell Center Workshop"
"546","Ankyra","","9b-SmallChlor","Ankyra","Salmaso Geisha Powell Center Workshop"
"6110","Ankyra","judayi","9b-SmallChlor","Ankyra judayi","Salmaso & Padisak 2007"
"782","Ankyra","","9b-SmallChlor","Ankyra","Salmaso & Padisak 2007"
"1113","Anomoeoneis","","6b2-LUniPenn","Anomoeoneis","Western Diatoms of North America"
"1210","Aphanizomenon","","5e-Nostocales","Aphanizomenon","Salmaso Geisha Powell Center Workshop"
"792","Aphanizomenon","flos-aquae","5e","Aphanizomenon flos-aquae","Salmaso & Padisak 2007"
"4781","Aphanizomenon","issatschenkoi =","5e-Nostocales","Aphanizomenon issatschenkoi =","Salmaso Geisha Powell Center Workshop"
"1310","Aphanocapsa","","5c-OtherChroo","Aphanocapsa","Salmaso Geisha Powell Center Workshop"
"802","Aphanocapsa","grevillei","5c-OtherChroo","Aphanocapsa grevillei","Salmaso & Padisak 2007"
"398","Aphanothece","","5c-OtherChroo","Aphanothece","Salmaso Geisha Powell Center Workshop"
"4011","Aphanothece","","5c-OtherChroo","Aphanothece","Salmaso & Padisak 2007"
"1214","Aphanothecoidea","","5d-SmallChroo","Aphanothecoidea","Rimet et al. 2018"
"1314","Apiocystis","","3b-ColoPhyto","Apiocystis","Algaebase"
"1414","Apocalathium","aciculiferum","1b-LargeDino","Apocalathium aciculiferum","Rimet et al. 2018"
"813","Apodococcus","guanensis","9b-SmallChlor","Apodococcus guanensis","Salmaso & Padisak 2007"
"1510","Arthrodesmus","","8a-LargeCoCh","Arthrodesmus","Salmaso Geisha Powell Center Workshop"
"1610","Arthrospira","","5a-FilaCyano","Arthrospira","Salmaso Geisha Powell Center Workshop"
"1710","Astasia","","1c-LargeEugl","Astasia","Salmaso Geisha Powell Center Workshop"
"438","Asterionella","ralfsii","6b1-LColPenn","Asterionella ralfsii","Salmaso Geisha Powell Center Workshop"
"1810","Asterionella","formosa","6b1-LColPenn","Asterionella formosa","Salmaso Geisha Powell Center Workshop"
"4811","Asterionella","formosa","6b","Asterionella formosa","Salmaso & Padisak 2007"
"3781","Asterionella","formosa","6b1-LColPenn","Asterionella formosa","Li et al. 2018"
"4241","Asterionella","formosa","6b-LargePenn","Asterionella formosa","Tolotti et al. 2010"
"4851","Asterionella","formosa complex","6b1-LColPenn","Asterionella formosa complex","Salmaso Geisha Powell Center Workshop"
"1513","Asterococcus","","1b-LargeDino","Asterococcus","Algaebase"
"430","Attheya","zachariasii","6a2-LUniCent","Attheya zachariasii","Algaebase"
"428","Aulacoseira","","6a1-LColCent","Aulacoseira","Salmaso Geisha Powell Center Workshop"
"4411","Aulacoseira","granulata","6a","Aulacoseira granulata","Salmaso & Padisak 2007"
"4510","Aulacoseira","islandica","6a","Aulacoseira islandica","Salmaso & Padisak 2007"
"842","Aulacoseira","granulata angustissima","6a","Aulacoseira granulata angustissima","Salmaso & Padisak 2007"
"852","Aulacoseira","italica","6a","Aulacoseira italica","Salmaso & Padisak 2007"
"373","Aulacoseira","ambigua","6a1-LColCent","Aulacoseira ambigua","Li et al. 2018"
"3741","Aulacoseira","granulata","6a1-LColCent","Aulacoseira granulata","Li et al. 2018"
"4231","Aulacoseira","","6a-LargeCent","Aulacoseira","Tolotti et al. 2010"
"1613","Bacillaria","paxillifera","6b1-LColPenn","Bacillaria paxillifera","Western Diatoms of North America"
"257","Bacillariophyceae","","NA","Bacillariophyceae","description"
"1713","Bambusina","borreri","10b-FilaConj","Bambusina borreri","Algaebase"
"1813","Bambusina","delicatissima","10b-FilaConj","Bambusina delicatissima","Algaebase"
"611","Belonastrum","berolinense","6b1-LColPenn","Belonastrum berolinense","Salmaso Geisha Powell Center Workshop"
"214","BG","indiv","NA","BG indiv","description"
"1913","Bicosta","minor","1b-LargeDino","Bicosta minor","Rimet et al. 2018"
"2013","Biecheleria","pseudopalustris","2b-SmallDino","Biecheleria pseudopalustris","Rimet et al. 2018"
"2113","Binuclearia","lauterbornii","10a-FilaChlorp","Binuclearia lauterbornii","Rimet et al. 2018"
"862","Bitrichia","chodatii","2a-SmallChry1","Bitrichia chodatii","Salmaso & Padisak 2007"
"882","blue-green","picoalga, colonial","5c-OtherChroo","blue-green picoalga, colonial","Salmaso & Padisak 2007"
"258","Blue-green","picoalga","NA","Blue-green picoalga","description"
"2213","Borzia","","5a-FilaCyano","Borzia","Rimet et al. 2018"
"2312","Botrydium","","1c-LargeEugl","Botrydium","Rimet et al. 2018"
"902","Botryococcus","braunii","1a-LargeChry","Botryococcus braunii","Salmaso & Padisak 2007"
"2010","Bracchiogonium","","9d-SmallUnic","Bracchiogonium","Salmaso Geisha Powell Center Workshop"
"11","Brachysira","neoexilis","7b-SmallPenn","Brachysira neoexilis","Western Diatoms of North America"
"2413","Bumilleriopsis","closterioides","1c-LargeEugl","Bumilleriopsis closterioides","Algaebase"
"913","C.","cyclopuncta","7a-SmallCent","C. cyclopuncta","Salmaso & Padisak 2007"
"922","C.","krammeri","7a-SmallCent","C. krammeri","Salmaso & Padisak 2007"
"932","C.","gordonensis","7a-SmallCent","C. gordonensis","Salmaso & Padisak 2007"
"942","C.","ocellata","7a-SmallCent","C. ocellata","Salmaso & Padisak 2007"
"952","C.","ps.","7a-SmallCent","C. ps.","Salmaso & Padisak 2007"
"962","C.","pseudocomensis ps.","7a-SmallCent","C. pseudocomensis ps.","Salmaso & Padisak 2007"
"972","C.","psudocomensis","7a-SmallCent","C. psudocomensis","Salmaso & Padisak 2007"
"982","C.","radiosa","7a-SmallCent","C. radiosa","Salmaso & Padisak 2007"
"992","C.","","7a-SmallCent","C.","Salmaso & Padisak 2007"
"1002","C.","tripartita","7a-SmallCent","C. tripartita","Salmaso & Padisak 2007"
"453","Caloneis","","6b2-LUniPenn","Caloneis","Salmaso & Padisak 2007"
"1013","Caloneis","","6b","Caloneis","Salmaso & Padisak 2007"
"12","Calothrix","","5a-FilaCyano","Calothrix","Algaebase"
"13","Calycomonas","pascheri","2a-SmallChry1","Calycomonas pascheri","nordic microalgae"
"14","Campylodiscus","noricus","6b2-LUniPenn","Campylodiscus noricus","Western Diatoms of North America"
"358","Carteria","","3a-UnicPhyto","Carteria","Salmaso Geisha Powell Center Workshop"
"3111","Carteria","","3a-UnicPhyto","Carteria","Salmaso & Padisak 2007"
"3071","Carteria","","3a-UnicPhyto","Carteria","Li et al. 2018"
"4091","Carteria","","3a-UnicPhyto","Carteria","Tolotti et al. 2010"
"244","Centrales","<","7a-SmallCent","Centrales <","description"
"245","Centrales","um","7a-SmallCent","Centrales um","description"
"3192","Centrales","um","6a2-LUniCent","Centrales um","description"
"219","Centric","Diatom","7a-SmallCent","Centric Diatom","description"
"2292","Centric","diatom","7a-SmallCent","Centric diatom","description"
"2562","Centric","Diatoms","NA","Centric Diatoms","description"
"15","Centritractus","belenophorus","1c-LargeEugl","Centritractus belenophorus","Phycokey"
"292","Ceratium","","1b-LargeDino","Ceratium","Salmaso Geisha Powell Center Workshop"
"2210","Ceratium","hirundinella","1b-LargeDino","Ceratium hirundinella","Salmaso Geisha Powell Center Workshop"
"1811","Ceratium","hirundinella","1b-LargeDino","Ceratium hirundinella","Salmaso & Padisak 2007"
"3831","Ceratium","","1b-LargeDino","Ceratium","Li et al. 2018"
"2513","Chaetoceros","","6a1-LColCent","Chaetoceros","Western Diatoms of North America"
"2612","Characiopsis","","8b-LargeUnic","Characiopsis","Algaebase"
"548","Characium","","9b-SmallChlor","Characium","Algaebase"
"2713","Chimonodinium","lomnickii","1b-LargeDino","Chimonodinium lomnickii","Rimet et al. 2018"
"360","Chlamydomonas","","3a-UnicPhyto","Chlamydomonas","Salmaso Geisha Powell Center Workshop"
"1051","Chlamydomonas","","3a-UnicPhyto","Chlamydomonas","Salmaso & Padisak 2007"
"1072","Chlamydomonas",", small","3a-UnicPhyto","Chlamydomonas sp., small","Salmaso & Padisak 2007"
"308","Chlamydomonas","","3a-UnicPhyto","Chlamydomonas","Li et al. 2018"
"4101","Chlamydomonas","","3a-UnicPhyto","Chlamydomonas","Tolotti et al. 2010"
"549","Chlorella","","9b-SmallChlor","Chlorella","Salmaso Geisha Powell Center Workshop"
"1082","Chlorella","","9b-SmallChlor","Chlorella","Salmaso & Padisak 2007"
"3461","Chlorella","vulgaris","9b-SmallChlor","Chlorella vulgaris","Li et al. 2018"
"2813","Chlorocloster","","8b-LargeUnic","Chlorocloster","Algaebase"
"2372","Chlorococcaceae","<","9b-SmallChlor","Chlorococcaceae <","description"
"2432","Chlorococcaceae",">","NA","Chlorococcaceae >","description"
"2912","Chlorogibba","pentagonia","9d-SmallUnic","Chlorogibba pentagonia","Freshwater Algae of North America"
"361","Chlorogonium","elongatum","3a-UnicPhyto","Chlorogonium elongatum","Salmaso Geisha Powell Center Workshop"
"2510","Chlorogonium","","3a-UnicPhyto","Chlorogonium","Salmaso Geisha Powell Center Workshop"
"3012","Chloroidium","ellipsoideum","9b-SmallChlor","Chloroidium ellipsoideum","Li et al. 2018"
"23","Chlorolobion","saxatile","1a-LargeChry","Chlorolobion saxatile","Salmaso Geisha Powell Center Workshop"
"26","Chlorolobion","","1a-LargeChry","Chlorolobion","Salmaso Geisha Powell Center Workshop"
"2710","Chloromonas","rapida","3a-UnicPhyto","Chloromonas rapida","Salmaso Geisha Powell Center Workshop"
"259","Chlorophyceae	indetermined_small","","NA","Chlorophyceae	indetermined_small","description"
"241","Chlorophyta","","NA","Chlorophyta","description"
"263","Chlorophyte","","NA","Chlorophyte","description"
"278","Chlorophyte","ere","NA","Chlorophyte sphere","description"
"3113","Chlorotetraedron","incus","9b-SmallChlor","Chlorotetraedron incus","Rimet et al. 2018"
"551","Chodatella","","9b-SmallChlor","Chodatella","Tsarenko 2011"
"24","Choricystis","chodatii","9b-SmallChlor","Choricystis chodatii","Algaebase"
"25","Choricystis","minor","9b-SmallChlor","Choricystis minor","Algaebase"
"324","Chromophysomonas","serrata","2a-SmallChry1","Chromophysomonas serrata","Algaebase"
"305","Chromulina","aerophyla","2a-SmallChry1","Chromulina aerophyla","Salmaso Geisha Powell Center Workshop"
"306","Chromulina","","2a-SmallChry1","Chromulina","Salmaso Geisha Powell Center Workshop"
"1092","Chromulina","","2a-SmallChry1","Chromulina","Salmaso & Padisak 2007"
"3881","Chromulina","","2a-SmallChry1","Chromulina","Tolotti et al. 2010"
"2602","Chroococcaceae/Synechocystis","(blue-greens <","5d-SmallChroo","Chroococcaceae/Synechocystis (blue-greens <","description"
"2622","Chroococcales","","NA","Chroococcales","description"
"405","Chroococcus","minutus","5d-SmallChroo","Chroococcus minutus","Salmaso Geisha Powell Center Workshop"
"406","Chroococcus","","5d-SmallChroo","Chroococcus","Salmaso Geisha Powell Center Workshop"
"4210","Chroococcus","","5d-SmallChroo","Chroococcus","Salmaso & Padisak 2007"
"1102","Chroococcus","minutus +","5c-OtherChroo","Chroococcus minutus +","Salmaso & Padisak 2007"
"1112","Chroococcus","minutus obliteratus","5d-SmallChroo","Chroococcus minutus obliteratus","Salmaso & Padisak 2007"
"1122","Chroococcus","nagy, laza","5d-SmallChroo","Chroococcus nagy, laza","Salmaso & Padisak 2007"
"1132","Chroococcus","nagy, laza","5c-OtherChroo","Chroococcus nagy, laza","Salmaso & Padisak 2007"
"1142","Chroococcus","","5c-OtherChroo","Chroococcus","Salmaso & Padisak 2007"
"1152","Chroococcus","kicsi, tomott","5d-SmallChroo","Chroococcus sp.kicsi, tomott","Salmaso & Padisak 2007"
"1162","Chroococcus","kicsi, tomott","5c-OtherChroo","Chroococcus sp.kicsi, tomott","Salmaso & Padisak 2007"
"2941","Chroococcus","","5d-SmallChroo","Chroococcus","Li et al. 2018"
"338","Chroomonas","acuta","2d-Crypto","Chroomonas acuta","Salmaso & Padisak 2007"
"1172","Chroomonas","nordstedtii","2d-Crypto","Chroomonas nordstedtii","Salmaso & Padisak 2007"
"307","Chrysamoeba","","2a-SmallChry1","Chrysamoeba","Salmaso & Padisak 2007"
"27","Chrysastrella","furcata","2a-SmallChry1","Chrysastrella furcata","Kapustin et al. 2019"
"332","Chrysidiastrum","catenatum","1a-LargeChry","Chrysidiastrum catenatum","nordic microalgae"
"264","Chrysocapsaceae","","NA","Chrysocapsaceae","description"
"309","Chrysochromulina","","2a-SmallChry1","Chrysochromulina","Salmaso Geisha Powell Center Workshop"
"304","Chrysochromulina","parva","2a-SmallChry1","Chrysochromulina parva","Salmaso Geisha Powell Center Workshop"
"1192","Chrysochromulina","parva","2a-SmallChry1","Chrysochromulina parva","Salmaso & Padisak 2007"
"3921","Chrysochromulina","","2a-SmallChry1","Chrysochromulina","Tolotti et al. 2010"
"310","Chrysococcus","","2a-SmallChry1","Chrysococcus","Salmaso & Padisak 2007"
"2652","Chrysoflagellata","","NA","Chrysoflagellata","description"
"311","Chrysoflagellates","","2a-SmallChry1","Chrysoflagellates","Tolotti et al. 2010"
"3891","Chrysoflagellates","undet.","2a-SmallChry1","Chrysoflagellates undet.","Tolotti et al. 2010"
"341","Chrysogloea","","NA","Chrysogloea","Algaebase"
"352","Chrysoikos","skujae","2a-SmallChry1","Chrysoikos skujae","Rimet et al. 2018"
"1213","Chrysolykos","planktonicus","2a-SmallChry1","Chrysolykos planktonicus","Salmaso & Padisak 2007"
"1222","Chrysophyceae","cysts","9c-SmallChry2","Chrysophyceae cysts","Salmaso & Padisak 2007"
"223","Chrysophyceae","(small)","2a-SmallChry1","Chrysophyceae (small)","description"
"226","Chrysophyceae","(large)","NA","Chrysophyceae (large)","description"
"280","Chrysophyceae","","NA","Chrysophyceae","description"
"266","Chrysophyta","cyst","NA","Chrysophyta cyst","description"
"267","Chrysophyte","","NA","Chrysophyte","description"
"1232","Chrysopora","fenestrata","2a-SmallChry1","Chrysopora fenestrata","Salmaso & Padisak 2007"
"372","Chrysosphaerella","longina","1a-LargeChry","Chrysosphaerella longispina","Algaebase"
"381","Chrysosporum","minus","5e-Nostocales","Chrysosporum minus","Algaebase"
"391","Chrysosporum","ovalirum","5e-Nostocales","Chrysosporum ovalisporum","Algaebase"
"402","Chrysostephanosphaera","globulifera","2a-SmallChry1","Chrysostephanosphaera globulifera","Algaebase"
"412","Cladomonas","fruticulosa","1c-LargeEugl","Cladomonas fruticulosa","Rimet et al. 2018"
"189","Cladophora","","10a-FilaChlorp","Cladophora","Salmaso & Padisak 2007"
"516","Closteriopsis","","8a-LargeCoCh","Closteriopsis","Salmaso Geisha Powell Center Workshop"
"1252","Closteriopsis","longissima","8a-LargeCoCh","Closteriopsis longissima","Salmaso & Padisak 2007"
"3471","Closteriopsis","","8a-LargeCoCh","Closteriopsis","Li et al. 2018"
"518","Closterium","acutum","8a-LargeCoCh","Closterium acutum","Salmaso Geisha Powell Center Workshop"
"519","Closterium","pronum","8a-LargeCoCh","Closterium pronum","Salmaso Geisha Powell Center Workshop"
"520","Closterium","","8a-LargeCoCh","Closterium","Salmaso Geisha Powell Center Workshop"
"5311","Closterium","aciculare","8a-LargeCoCh","Closterium aciculare","Salmaso & Padisak 2007"
"5411","Closterium","acutum variabile","8a-LargeCoCh","Closterium acutum variabile","Salmaso & Padisak 2007"
"5511","Closterium","pronum pronum","8a-LargeCoCh","Closterium pronum pronum","Salmaso & Padisak 2007"
"3551","Closterium","","8a-LargeCoCh","Closterium","Li et al. 2018"
"28","Coccomyxa","littoralis","9b-SmallChlor","Coccomyxa littoralis","Algaebase; Tsarenko 2011"
"501","Cocconeis","","7b-SmallPenn","Cocconeis","Salmaso Geisha Powell Center Workshop"
"1282","Cocconeis","","6b","Cocconeis","Salmaso & Padisak 2007"
"365","Cocconeis","","7b-SmallPenn","Cocconeis","Li et al. 2018"
"4412","Cocconeis","","7b-SmallPenn","Cocconeis","Tolotti et al. 2010"
"202","Coelastrum","","1a-LargeChry","Coelastrum","Salmaso Geisha Powell Center Workshop"
"3","Coelastrum","","1a-LargeChry","Coelastrum","Salmaso & Padisak 2007"
"1292","Coelastrum","astroideum","1a-LargeChry","Coelastrum astroideum","Salmaso & Padisak 2007"
"1302","Coelastrum","indicum","1a-LargeChry","Coelastrum indicum","Salmaso & Padisak 2007"
"3091","Coelastrum","microporum","1a-LargeChry","Coelastrum microporum","Li et al. 2018"
"3101","Coelastrum","","1a-LargeChry","Coelastrum","Li et al. 2018"
"3112","Coelastrum","verrucosum","1a-LargeChry","Coelastrum verrucosum","Li et al. 2018"
"400","Coelosphaerium","","5c-OtherChroo","Coelosphaerium","Salmaso & Padisak 2007"
"1313","Coelosphaerium","kuetzingianum","5c-OtherChroo","Coelosphaerium kuetzingianum","Salmaso & Padisak 2007"
"1322","Coelospharium","kuetzingianum","5c-OtherChroo","Coelospharium kuetzingianum","Salmaso & Padisak 2007"
"29","Coenochloris","hindakii","1a-LargeChry","Coenochloris hindakii","Salmaso Geisha Powell Center Workshop"
"30","Coenochloris","ovalis","1a-LargeChry","Coenochloris ovalis","Salmaso Geisha Powell Center Workshop"
"31","Coenochloris","pyrenoideum minimum","1a-LargeChry","Coenochloris pyrenoideum minimum","Salmaso Geisha Powell Center Workshop"
"32","Coenochloris","pyrenoidosa","1a-LargeChry","Coenochloris pyrenoidosa","Salmaso Geisha Powell Center Workshop"
"33","Coenochloris","","1a-LargeChry","Coenochloris","Salmaso Geisha Powell Center Workshop"
"3510","Coenochloris","","1b-LargeDino","Coenochloris","Salmaso Geisha Powell Center Workshop"
"431","Coenococcus","","1a-LargeChry","Coenococcus","Rimet et al. 2018"
"441","Coenococcus","planctonicus","1a-LargeChry","Coenococcus planctonicus","Rimet et al. 2018"
"3610","Coenocystis","","1b-LargeDino","Coenocystis","Salmaso Geisha Powell Center Workshop"
"1332","Coenocystis","planococca","1b-LargeDino","Coenocystis planococca","Salmaso & Padisak 2007"
"451","Coenodispora","litoralis","9b-SmallChlor","Coenodispora litoralis","Rimet et al. 2018"
"462","Collodictyon","","3a-UnicPhyto","Collodictyon","Algaebase"
"3710","Coronastrum","","1b-LargeDino","Coronastrum","Salmaso Geisha Powell Center Workshop"
"3751","Coscinodiscus","lacustris","6a2-LUniCent","Coscinodiscus lacustris","Li et al. 2018"
"539","Cosmarium","","9a-SmallConj","Cosmarium","Salmaso Geisha Powell Center Workshop"
"5611","Cosmarium","","8a-LargeCoCh","Cosmarium","Salmaso & Padisak 2007"
"1342","Cosmarium","bioculatum","8a-LargeCoCh","Cosmarium bioculatum","Salmaso & Padisak 2007"
"1352","Cosmarium","phaseolus","8a-LargeCoCh","Cosmarium phaseolus","Salmaso & Padisak 2007"
"1362","Cosmarium","reniforme","8a-LargeCoCh","Cosmarium reniforme","Salmaso & Padisak 2007"
"4501","Cosmarium","","8a-LargeCoCh","Cosmarium","Tolotti et al. 2010"
"473","Cosmocladium","","10a-FilaChlorp","Cosmocladium","Algaebase"
"482","Craticula","accomoda","7b-SmallPenn","Craticula accomoda","Rimet et al. 2018"
"491","Craticula","cudata","6b2-LUniPenn","Craticula cuspidata","Rimet et al. 2018"
"502","Craticula","subminuscula","7b-SmallPenn","Craticula subminuscula","Rimet et al. 2018"
"1381","Crucigenia","quadrata","1a-LargeChry","Crucigenia quadrata","Salmaso & Padisak 2007"
"3481","Crucigenia","tetrapedia","1b-LargeDino","Crucigenia tetrapedia","Li et al. 2018"
"517","Crucigenia","","1a-LargeChry","Crucigenia","Algaebase"
"521","Crucigenia","crucifera","1a-LargeChry","Crucigenia crucifera","Algaebase"
"531","Crucigenia","fenestrata","1b-LargeDino","Crucigenia fenestrata","Algaebase"
"205","Crucigeniella","apiculata","1a-LargeChry","Crucigeniella apiculata","Salmaso Geisha Powell Center Workshop"
"4010","Crucigeniella","","1a-LargeChry","Crucigeniella","Salmaso Geisha Powell Center Workshop"
"4100","Crucigeniella","rectangularis","1a-LargeChry","Crucigeniella rectangularis","Salmaso & Padisak 2007"
"340","Cryptomonas","erosa","2d-Crypto","Cryptomonas erosa","Salmaso & Padisak 2007"
"344","Cryptomonas","phaseolus","2d-Crypto","Cryptomonas phaseolus","Salmaso & Padisak 2007"
"348","Cryptomonas","","2d-Crypto","Cryptomonas","Salmaso & Padisak 2007"
"2310","Cryptomonas","ovata","2d-Crypto","Cryptomonas ovata","Salmaso & Padisak 2007"
"2411","Cryptomonas","reflexa","2d-Crypto","Cryptomonas reflexa","Salmaso & Padisak 2007"
"1391","Cryptomonas","erosa/ovata","2d-Crypto","Cryptomonas erosa/ovata","Salmaso & Padisak 2007"
"3991","Cryptomonas","reflexa","2d-Crypto","Cryptomonas reflexa","Tolotti et al. 2010"
"4021","Cryptomonas","marssonii","2d-Crypto","Cryptomonas marssonii","Tolotti et al. 2010"
"4031","Cryptomonas","obovata","2d-Crypto","Cryptomonas obovata","Tolotti et al. 2010"
"4041","Cryptomonas","pyrenoidifera","2d-Crypto","Cryptomonas pyrenoidifera","Tolotti et al. 2010"
"4051","Cryptomonas","rostratiformis","2d-Crypto","Cryptomonas rostratiformis","Tolotti et al. 2010"
"4061","Cryptomonas","","2d-Crypto","Cryptomonas","Tolotti et al. 2010"
"349","Cryptophyceae","","2d-Crypto","Cryptophyceae","Salmaso Geisha Powell Center Workshop"
"2610","Cryptophyceae","ind.","2d-Crypto","Cryptophyceae ind.","Salmaso & Padisak 2007"
"3861","Crytomonas","","2d-Crypto","Crytomonas","Li et al. 2018"
"1110","Cuspidothrix","issatschenkoi","5e-Nostocales","Cuspidothrix issatschenkoi","Salmaso Geisha Powell Center Workshop"
"213","Cyano","ral","5a-FilaCyano","Cyano spiral","description"
"279","Cyanobacteria","","NA","Cyanobacteria","description"
"34","Cyanobium","","4-UnicCyano","Cyanobium","Salmaso Geisha Powell Center Workshop"
"542","Cyanocatena","imperfecta","5c-OtherChroo","Cyanocatena imperfecta","Algaebase"
"35","Cyanodictyon","planctonicum","5c-OtherChroo","Cyanodictyon planctonicum","Salmaso Geisha Powell Center Workshop"
"552","Cyanogranis","","5b-LargeVacC","Cyanogranis","Rimet et al. 2018"
"562","Cyanogranis","ferruginea","5b-LargeVacC","Cyanogranis ferruginea","Rimet et al. 2018"
"5712","Cyanonephron","styloides","5d-SmallChroo","Cyanonephron styloides","Algaebase"
"220","Cyanophyte","ere","NA","Cyanophyte sphere","description"
"36","Cyanosarcina","chroococcoides","5c-OtherChroo","Cyanosarcina chroococcoides","CyanoDB 2"
"479","Cyclotella","bodanica","7a-SmallCent","Cyclotella bodanica","Salmaso & Padisak 2007"
"480","Cyclotella","cyclopuncta","7a-SmallCent","Cyclotella cyclopuncta","Salmaso & Padisak 2007"
"481","Cyclotella","gordonensis","7a-SmallCent","Cyclotella gordonensis","Salmaso & Padisak 2007"
"483","Cyclotella","meneghiniana","7a-SmallCent","Cyclotella meneghiniana","Salmaso & Padisak 2007"
"487","Cyclotella","","7a-SmallCent","Cyclotella","Salmaso & Padisak 2007"
"6410","Cyclotella","pseudocomensis","7a-SmallCent","Cyclotella pseudocomensis","Salmaso & Padisak 2007"
"1402","Cyclotella","krammeri","7a-SmallCent","Cyclotella krammeri","Salmaso & Padisak 2007"
"1413","Cyclotella","ocellata","7a-SmallCent","Cyclotella ocellata","Salmaso & Padisak 2007"
"1422","Cyclotella","radiosa","7a-SmallCent","Cyclotella radiosa","Salmaso & Padisak 2007"
"1432","Cyclotella","tripartita","7a-SmallCent","Cyclotella tripartita","Salmaso & Padisak 2007"
"3821","Cyclotella","","7a-SmallCent","Cyclotella","Li et al. 2018"
"4381","Cyclotella","radiosa","7a-SmallCent","Cyclotella radiosa","Tolotti et al. 2010"
"4391","Cyclotella","","7a-SmallCent","Cyclotella","Tolotti et al. 2010"
"5812","Cylindrocapsa","","10a-FilaChlorp","Cylindrocapsa","Algaebase"
"418","Cylindrospermopsis","","5e-Nostocales","Cylindrospermopsis","Salmaso Geisha Powell Center Workshop"
"2951","Cylindrospermopsis","raciborskii","5e-Nostocales","Cylindrospermopsis raciborskii","Li et al. 2018"
"37","Cylindrospermum","Bourget03","5e-Nostocales","Cylindrospermum Bourget03","Algaebase"
"1442","Cymatopleura","solea","6b","Cymatopleura solea","Salmaso & Padisak 2007"
"503","Cymbella","","7b-SmallPenn","Cymbella","Salmaso Geisha Powell Center Workshop"
"1452","Cymbella","","6b","Cymbella","Salmaso & Padisak 2007"
"3661","Cymbella","","7b-SmallPenn","Cymbella","Li et al. 2018"
"4421","Cymbella","minuta","7b-SmallPenn","Cymbella minuta","Tolotti et al. 2010"
"38","Cymbopleura","lata","7b-SmallPenn","Cymbopleura lata","Western Diatoms of North America"
"39","Cymbopleura","similiformis","7b-SmallPenn","Cymbopleura similiformis","Western Diatoms of North America"
"5912","Dactylococcopsis","fascicularis","5d-SmallChroo","Dactylococcopsis fascicularis","Komarek 1969"
"6012","Dactylosphaerium","","1b-LargeDino","Dactylosphaerium","Algaebase"
"6112","Deasonia","","9b-SmallChlor","Deasonia","Freshwater Algae of North America"
"6212","Deasonia","prolifera","9b-SmallChlor","Deasonia prolifera","Freshwater Algae of North America"
"6312","Delicata","delicatula","7b-SmallPenn","Delicata delicatula","Rimet et al. 2018"
"4431","Denticula","tenuis","7b-SmallPenn","Denticula tenuis","Tolotti et al. 2010"
"40","Desmatractum","indutum","9b-SmallChlor","Desmatractum indutum","Salmaso Geisha Powell Center Workshop"
"4410","Desmatractum","","9b-SmallChlor","Desmatractum","Salmaso Geisha Powell Center Workshop"
"6412","Desmidium","","10b-FilaConj","Desmidium","Algaebase"
"6512","Desmidium","aptogonum","10b-FilaConj","Desmidium aptogonum","Algaebase"
"6612","Desmidium","grevillei","10b-FilaConj","Desmidium grevillei","Algaebase"
"6712","Desmidium","quadratum","10b-FilaConj","Desmidium quadratum","Algaebase"
"209","Desmodesmus","quadricauda","1a-LargeChry","Desmodesmus quadricauda","Li et al. 2018"
"3121","Desmodesmus","brasiliensis","1a-LargeChry","Desmodesmus brasiliensis","Li et al. 2018"
"3131","Desmodesmus","denticulatus","1a-LargeChry","Desmodesmus denticulatus","Li et al. 2018"
"247","Diatom","","NA","Diatom","description"
"248","Diatom","(small)","NA","Diatom (small)","description"
"439","Diatoma","ehrenbergii","6b1-LColPenn","Diatoma ehrenbergii","Salmaso Geisha Powell Center Workshop"
"505","Diatoma","","7b-SmallPenn","Diatoma","Salmaso Geisha Powell Center Workshop"
"1472","Diatoma","tenuis","6b","Diatoma tenuis","Salmaso & Padisak 2007"
"1482","Diatoma","vulgare","6b","Diatoma vulgare","Salmaso & Padisak 2007"
"4251","Diatoma","herenbergii","6b-LargePenn","Diatoma herenbergii","Tolotti et al. 2010"
"4441","Diatoma","mesodon","7b-SmallPenn","Diatoma mesodon","Tolotti et al. 2010"
"227","Diatoms","(small)","NA","Diatoms (small)","description"
"228","Diatoms","(large)","NA","Diatoms (large)","description"
"4610","Dichotomococcus","","1b-LargeDino","Dichotomococcus","Salmaso Geisha Powell Center Workshop"
"651","Dichotomococcus","curvatus","1b-LargeDino","Dichotomococcus curvatus","Salmaso Geisha Powell Center Workshop"
"4571","Dichtiosphaerium","","1a-LargeChry","Dichtiosphaerium","Tolotti et al. 2010"
"41","Dictyochlorella","reniformis","9b-SmallChlor","Dictyochlorella reniformis","Komarek & Fott 1983"
"6812","Dictyococcus","","1a-LargeChry","Dictyococcus","Algaebase"
"4710","Dictyosphaerium","","1b-LargeDino","Dictyosphaerium","Salmaso Geisha Powell Center Workshop"
"6100","Dictyosphaerium","pulchellum","1b-LargeDino","Dictyosphaerium pulchellum","Salmaso & Padisak 2007"
"1492","Dictyosphaerium","","1b-LargeDino","Dictyosphaerium","Salmaso & Padisak 2007"
"42","Didymocystis","bicellularis","1a-LargeChry","Didymocystis bicellularis","Salmaso Geisha Powell Center Workshop"
"43","Didymocystis","fina","1a-LargeChry","Didymocystis fina","Salmaso Geisha Powell Center Workshop"
"44","Didymocystis","planctonica","1a-LargeChry","Didymocystis planctonica","Salmaso Geisha Powell Center Workshop"
"45","Didymocystis","","1a-LargeChry","Didymocystis","Salmaso Geisha Powell Center Workshop"
"4810","Didymocystis","","1b-LargeDino","Didymocystis","Salmaso Geisha Powell Center Workshop"
"4910","Didymogenes","","1b-LargeDino","Didymogenes","Salmaso Geisha Powell Center Workshop"
"46","Dimorphococcus","cordatus","1a-LargeChry","Dimorphococcus cordatus","Salmaso Geisha Powell Center Workshop"
"47","Dimorphococcus","lunatus","1a-LargeChry","Dimorphococcus lunatus","Salmaso Geisha Powell Center Workshop"
"5010","Dimorphococcus","","1b-LargeDino","Dimorphococcus","Salmaso Geisha Powell Center Workshop"
"1501","Dinobryion","petiolatum","2a-SmallChry1","Dinobryion petiolatum","Salmaso & Padisak 2007"
"5110","Dinobryon","","1a-LargeChry","Dinobryon","Salmaso Geisha Powell Center Workshop"
"1511","Dinobryon","divergens","1a-LargeChry","Dinobryon divergens","Salmaso & Padisak 2007"
"1611","Dinobryon","sociale","1a-LargeChry","Dinobryon sociale","Salmaso & Padisak 2007"
"1512","Dinobryon","acuminatum","1a-LargeChry","Dinobryon acuminatum","Salmaso & Padisak 2007"
"1521","Dinobryon","bavaricum","1a-LargeChry","Dinobryon bavaricum","Salmaso & Padisak 2007"
"1531","Dinobryon","crenulatum","1a-LargeChry","Dinobryon crenulatum","Salmaso & Padisak 2007"
"1541","Dinobryon","cylindricum","1a-LargeChry","Dinobryon cylindricum","Salmaso & Padisak 2007"
"1551","Dinobryon","cysts","9c-SmallChry2","Dinobryon cysts","Salmaso & Padisak 2007"
"1571","Dinobryon","eurystoma","1a-LargeChry","Dinobryon eurystoma","Salmaso & Padisak 2007"
"1581","Dinobryon","pediforme","1a-LargeChry","Dinobryon pediforme","Salmaso & Padisak 2007"
"1601","Dinobryon","suecicum","1a-LargeChry","Dinobryon suecicum","Salmaso & Padisak 2007"
"3621","Dinobryon","divergens","1a-LargeChry","Dinobryon divergens","Li et al. 2018"
"221","Dinoflagellate","","NA","Dinoflagellate","description"
"1612","dinophyta","cyst","9d-SmallUnic","dinophyta cyst","Salmaso & Padisak 2007"
"48","Dinosphaera","palustris","2b-SmallDino","Dinosphaera palustris","Carty 2014"
"5210","Diplochloris","","3a-UnicPhyto","Diplochloris","Salmaso Geisha Powell Center Workshop"
"49","Diploneis","elliptica","7b-SmallPenn","Diploneis elliptica","Salmaso Geisha Powell Center Workshop"
"50","Diploneis","maulerii","7b-SmallPenn","Diploneis maulerii","Salmaso Geisha Powell Center Workshop"
"51","Diploneis","minuta","7b-SmallPenn","Diploneis minuta","Salmaso Geisha Powell Center Workshop"
"52","Diploneis","oblongella","7b-SmallPenn","Diploneis oblongella","Salmaso Geisha Powell Center Workshop"
"53","Diploneis","oculata","7b-SmallPenn","Diploneis oculata","Salmaso Geisha Powell Center Workshop"
"54","Diploneis","ovalis","7b-SmallPenn","Diploneis ovalis","Salmaso Geisha Powell Center Workshop"
"55","Diploneis","","7b-SmallPenn","Diploneis","Salmaso Geisha Powell Center Workshop"
"56","Diplopsalis","acuta","2b-SmallDino","Diplopsalis acuta","Algaebase"
"489","Discostella","stelligera","7a-SmallCent","Discostella stelligera","Western Diatoms of North America"
"419","Dolichospermum","circinale","5e-Nostocales","Dolichospermum circinale","Salmaso Geisha Powell Center Workshop"
"710","Dolichospermum","","5e-Nostocales","Dolichospermum","Salmaso Geisha Powell Center Workshop"
"6912","Drepanochloris","nannoselene","1a-LargeChry","Drepanochloris nannoselene","Algaebase"
"7012","Ducellieria","chodatii","1c-LargeEugl","Ducellieria chodatii","Algaebase"
"7112","Dysmorphococcus","globosus","3a-UnicPhyto","Dysmorphococcus globosus","Algaebase"
"7212","Eaustrum","","8a-LargeCoCh","Eaustrum","Salmaso & Padisak 2007"
"57","Echinosphaerella","limnetica","9b-SmallChlor","Echinosphaerella limnetica","Algaebase"
"1621","egyeb","Phytomonadina","3a-UnicPhyto","egyeb Phytomonadina","Salmaso & Padisak 2007"
"5410","Elakatothrix","","1b-LargeDino","Elakatothrix","Salmaso Geisha Powell Center Workshop"
"1631","Elakatothrix","gelatinosa","1b-LargeDino","Elakatothrix gelatinosa","Salmaso & Padisak 2007"
"4631","Elakatothrix","genevensis","1b-LargeDino","Elakatothrix genevensis","Tolotti et al. 2010"
"7312","Ellerbeckia","arenaria","6a1-LColCent","Ellerbeckia arenaria","Western Diatoms of North America"
"281","Elongated","flagella","NA","Elongated flagella","description"
"7412","Enallax","costatus","1a-LargeChry","Enallax costatus","Algaebase"
"58","Encyonema","minutum","6b1-LColPenn","Encyonema minutum","Western Diatoms of North America"
"59","Encyonema","prostratum","6b1-LColPenn","Encyonema prostratum","Western Diatoms of North America"
"60","Encyonema","reichardtii","6b1-LColPenn","Encyonema reichardtii","Western Diatoms of North America"
"61","Encyonema","silesiacum","6b1-LColPenn","Encyonema silesiacum","Western Diatoms of North America"
"62","Encyonema","triangulum","6b1-LColPenn","Encyonema triangulum","Western Diatoms of North America"
"7512","Encyonema","","6b1-LColPenn","Encyonema","Western Diatoms of North America"
"769","Encyonema","caetosum","6b1-LColPenn","Encyonema caespitosum","Western Diatoms of North America"
"773","Encyonema","leibleinii","6b1-LColPenn","Encyonema leibleinii","Western Diatoms of North America"
"63","Encyonopsis","microcephala","6b1-LColPenn","Encyonopsis microcephala","Western Diatoms of North America"
"783","Entzia","acuta","2b-SmallDino","Entzia acuta","Rimet et al. 2018"
"64","Eolimna","minima","7b-SmallPenn","Eolimna minima","Western Diatoms of North America"
"313","Epipyxis","","2a-SmallChry1","Epipyxis","Salmaso & Padisak 2007"
"455","Epithemia","","6b2-LUniPenn","Epithemia","Salmaso & Padisak 2007"
"1651","Epithemia","","6b","Epithemia","Salmaso & Padisak 2007"
"793","Erkenia","","2a-SmallChry1","Erkenia","Freshwater Algae of North America"
"803","Euastropsis","richteri","8a-LargeCoCh","Euastropsis richteri","Algaebase"
"540","Euastrum","ansatum","9a-SmallConj","Euastrum ansatum","Salmaso Geisha Powell Center Workshop"
"5510","Euastrum","","9a-SmallConj","Euastrum","Salmaso Geisha Powell Center Workshop"
"5610","Eucapsis","","5c-OtherChroo","Eucapsis","Salmaso Geisha Powell Center Workshop"
"815","Eucocconeis","flexella","7b-SmallPenn","Eucocconeis flexella","Western Diatoms of North America"
"366","Eudorina","","3b-ColoPhyto","Eudorina","Salmaso Geisha Powell Center Workshop"
"367","Eudorina","unicocca","3b-ColoPhyto","Eudorina unicocca","Salmaso Geisha Powell Center Workshop"
"3211","Eudorina","","3b-ColoPhyto","Eudorina","Salmaso & Padisak 2007"
"3141","Eudorina","elegans","3b-ColoPhyto","Eudorina elegans","Li et al. 2018"
"4131","Eudorina","elegans","3b-ColoPhyto","Eudorina elegans","Tolotti et al. 2010"
"298","Euglena","","1c-LargeEugl","Euglena","Salmaso Geisha Powell Center Workshop"
"299","Euglena","viridis","1c-LargeEugl","Euglena viridis","Salmaso Geisha Powell Center Workshop"
"1661","Euglena","","2c-SmallEugl","Euglena","Salmaso & Padisak 2007"
"3591","Euglena","","1c-LargeEugl","Euglena","Li et al. 2018"
"3981","Euglena","","2c-SmallEugl","Euglena","Tolotti et al. 2010"
"506","Eunotia","","7b-SmallPenn","Eunotia","Salmaso Geisha Powell Center Workshop"
"65","Eutetramorus","fottii","1a-LargeChry","Eutetramorus fottii","Salmaso Geisha Powell Center Workshop"
"66","Eutetramorus","globosus","1a-LargeChry","Eutetramorus globosus","Salmaso Geisha Powell Center Workshop"
"67","Eutetramorus","nygaardii","1a-LargeChry","Eutetramorus nygaardii","Salmaso Geisha Powell Center Workshop"
"68","Eutetramorus","","1a-LargeChry","Eutetramorus","Salmaso Geisha Powell Center Workshop"
"601","Eutetramorus","","1b-LargeDino","Eutetramorus","Salmaso Geisha Powell Center Workshop"
"823","Fistulifera","pelliculosa","6b2-LUniPenn","Fistulifera pelliculosa","Rimet et al. 2018"
"218","Flagellate","diam","NA","Flagellate diam","description"
"232","Flagellates","um)","NA","Flagellates um)","description"
"2492","Flagellates","<","NA","Flagellates <","description"
"69","Fotterella","tetrachlorella","1b-LargeDino","Fotterella tetrachlorella","Algaebase"
"447","Fragilaria","","6b1-LColPenn","Fragilaria","Salmaso Geisha Powell Center Workshop"
"456","Fragilaria","tenera","6b2-LUniPenn","Fragilaria tenera","Salmaso Geisha Powell Center Workshop"
"457","Fragilaria","ulna","6b2-LUniPenn","Fragilaria ulna","Salmaso Geisha Powell Center Workshop"
"507","Fragilaria","vaucheriae","7b-SmallPenn","Fragilaria vaucheriae","Salmaso Geisha Powell Center Workshop"
"4911","Fragilaria","crotonensis","6b","Fragilaria crotonensis","Salmaso & Padisak 2007"
"5011","Fragilaria","ulna acus","6b","Fragilaria ulna acus","Salmaso & Padisak 2007"
"1671","Fragilaria","capucina","6b","Fragilaria capucina","Salmaso & Padisak 2007"
"1681","Fragilaria","construens","6b","Fragilaria construens","Salmaso & Padisak 2007"
"1701","Fragilaria","","6b","Fragilaria","Salmaso & Padisak 2007"
"3791","Fragilaria","","6b1-LColPenn","Fragilaria","Li et al. 2018"
"4261","Fragilaria","tenera","6b-LargePenn","Fragilaria tenera","Tolotti et al. 2010"
"4271","Fragilaria","arcus","6b-LargePenn","Fragilaria arcus","Tolotti et al. 2010"
"4281","Fragilaria","crotonensis","6b-LargePenn","Fragilaria crotonensis","Tolotti et al. 2010"
"429","Fragilaria","ulna/capucina","6b-LargePenn","Fragilaria ulna/capucina","Tolotti et al. 2010"
"4301","Fragilaria","ulna angustissima/delic.ssima","6b-LargePenn","Fragilaria ulna angustissima/delic.ssima","Tolotti et al. 2010"
"4451","Fragilaria","vaucheriae- corta","7b-SmallPenn","Fragilaria vaucheriae- corta","Tolotti et al. 2010"
"4461","Fragilaria","","7b-SmallPenn","Fragilaria","Tolotti et al. 2010"
"5281","Fragilaria","berolinensis =","6b1-LColPenn","Fragilaria berolinensis =","Salmaso Geisha Powell Center Workshop"
"833","Fragilariforma","virescens","6b1-LColPenn","Fragilariforma virescens","Western Diatoms of North America"
"843","Fragiliaria","acus","6b1-LColPenn","Fragiliaria acus","Rimet et al. 2018"
"70","Franceia","amphitricha","9b-SmallChlor","Franceia amphitricha","Salmaso Geisha Powell Center Workshop"
"71","Franceia","ovalis","9b-SmallChlor","Franceia ovalis","Salmaso Geisha Powell Center Workshop"
"631","Franceia","","1b-LargeDino","Franceia","Salmaso Geisha Powell Center Workshop"
"1721","free","Dinobryon","1a-LargeChry","free Dinobryon","Salmaso & Padisak 2007"
"72","Frustulia","rhomboides","6b1-LColPenn","Frustulia rhomboides","Western Diatoms of North America"
"73","Frustulia","","6b1-LColPenn","Frustulia","Western Diatoms of North America"
"853","Fusiperidinium","wisconsinense","1b-LargeDino","Fusiperidinium wisconsinense","Algaebase"
"863","Fusola","viridis","1b-LargeDino","Fusola viridis","Algaebase"
"74","Geissleria","acceptata","7b-SmallPenn","Geissleria acceptata","Western Diatoms of North America"
"75","Geissleria","decussis","7b-SmallPenn","Geissleria decussis","Western Diatoms of North America"
"76","Geitlerinema","acutissimum","5a-FilaCyano","Geitlerinema acutissimum","CyanoDB 2"
"77","Geitlerinema","amphibium","5a-FilaCyano","Geitlerinema amphibium","CyanoDB 2"
"78","Geminella","interrupta","10a-FilaChlorp","Geminella interrupta","Tsarenko 2011"
"293","Glenodinium","pulvisculum","1b-LargeDino","Glenodinium pulvisculum","Salmaso Geisha Powell Center Workshop"
"325","Glenodinium","","2b-SmallDino","Glenodinium","Salmaso Geisha Powell Center Workshop"
"2211","Glenodinium","","2b-SmallDino","Glenodinium","Salmaso & Padisak 2007"
"3841","Glenodinium","","2b-SmallDino","Glenodinium","Li et al. 2018"
"873","Gloeobotrys","limneticus","1c-LargeEugl","Gloeobotrys limneticus","Algaebase"
"401","Gloeocapsa","","5c-OtherChroo","Gloeocapsa","Algaebase"
"79","Gloeocapsopsis","","5c-OtherChroo","Gloeocapsopsis","Komarek 1993"
"883","Gloeococcus","","3b-ColoPhyto","Gloeococcus","Algaebase"
"249","Gloeocystis","","1b-LargeDino","Gloeocystis","Salmaso Geisha Powell Center Workshop"
"3151","Gloeocystis","","1b-LargeDino","Gloeocystis","Li et al. 2018"
"407","Gloeothece","","5d-SmallChroo","Gloeothece","Salmaso Geisha Powell Center Workshop"
"80","Gloeotila","ralis","10a-FilaChlorp","Gloeotila spiralis","Tsarenko 2011"
"893","Gloeotrichia","","5e-Nostocales","Gloeotrichia","Algaebase"
"903","Gloeotrichia","echinulata","5e-Nostocales","Gloeotrichia echinulata","Algaebase"
"3081","Gloeotrichia","echinulata","5e-Nostocales","Gloeotrichia echinulata","description"
"681","Golenkinia","","9b-SmallChlor","Golenkinia","Salmaso Geisha Powell Center Workshop"
"3161","Golenkinia","radiata","9b-SmallChlor","Golenkinia radiata","Li et al. 2018"
"4581","Golenkinia","radiata","1a-LargeChry","Golenkinia radiata","Tolotti et al. 2010"
"81","Golenkiniopsis","chlorelloides","9b-SmallChlor","Golenkiniopsis chlorelloides","Salmaso Geisha Powell Center Workshop"
"82","Golenkiniopsis","longina","9b-SmallChlor","Golenkiniopsis longispina","Salmaso Geisha Powell Center Workshop"
"83","Golenkiniopsis","parvula","9b-SmallChlor","Golenkiniopsis parvula","Salmaso Geisha Powell Center Workshop"
"84","Golenkiniopsis","solitaria","9b-SmallChlor","Golenkiniopsis solitaria","Salmaso Geisha Powell Center Workshop"
"85","Golenkiniopsis","","9b-SmallChlor","Golenkiniopsis","Salmaso Geisha Powell Center Workshop"
"508","Gomphonema","parvulum","7b-SmallPenn","Gomphonema parvulum","Salmaso Geisha Powell Center Workshop"
"509","Gomphonema","","7b-SmallPenn","Gomphonema","Salmaso Geisha Powell Center Workshop"
"1731","Gomphonema","","6b","Gomphonema","Salmaso & Padisak 2007"
"3671","Gomphonema","","7b-SmallPenn","Gomphonema","Li et al. 2018"
"4471","Gomphonema","","7b-SmallPenn","Gomphonema","Tolotti et al. 2010"
"86","Gomphosphaeria","compacta","5c-OtherChroo","Gomphosphaeria compacta","CyanoDB 2"
"87","Gomphosphaeria","lacustris","5c-OtherChroo","Gomphosphaeria lacustris","CyanoDB 2"
"88","Gomphosphaeria","pusilla","5c-OtherChroo","Gomphosphaeria pusilla","CyanoDB 2"
"89","Gomphosphaeria","rosea","5c-OtherChroo","Gomphosphaeria rosea","CyanoDB 2"
"90","Gomphosphaeria","","5c-OtherChroo","Gomphosphaeria","CyanoDB 2"
"91","Gonatozygon","brebissonnii","8a-LargeCoCh","Gonatozygon brebissonnii","Algaebase"
"92","Gonatozygon","monotaenium","8a-LargeCoCh","Gonatozygon monotaenium","Algaebase"
"711","Goniochloris","","9d-SmallUnic","Goniochloris","Salmaso Geisha Powell Center Workshop"
"369","Gonium","sociale","3b-ColoPhyto","Gonium sociale","Salmaso Geisha Powell Center Workshop"
"721","Gonium","","3b-ColoPhyto","Gonium","Salmaso Geisha Powell Center Workshop"
"3311","Gonium","pectorale","3b-ColoPhyto","Gonium pectorale","Salmaso & Padisak 2007"
"93","Gonyaulax","apiculata","2b-SmallDino","Gonyaulax apiculata","Algaebase"
"915","Gonyostomum","semen","3a-UnicPhyto","Gonyostomum semen","Algaebase"
"94","Granulocystis","helenae","1a-LargeChry","Granulocystis helenae","Tsarenko 2011"
"95","Granulocystopsis","coronata","1a-LargeChry","Granulocystopsis coronata","Algaebase"
"96","Granulocystopsis","pseudocoronata","1a-LargeChry","Granulocystopsis pseudocoronata","Algaebase"
"268","green","Flagellata","NA","green Flagellata","description"
"923","Gregiochloris","lacustris","1a-LargeChry","Gregiochloris lacustris","Rimet et al. 2018"
"933","Groenbladia","neglecta","10b-FilaConj","Groenbladia neglecta","Algaebase"
"943","Groenbladia","undulata","10b-FilaConj","Groenbladia undulata","Algaebase"
"326","Gymnodinium","hantzschii","2b-SmallDino","Gymnodinium hantzschii","Salmaso Geisha Powell Center Workshop"
"328","Gymnodinium","","2b-SmallDino","Gymnodinium","Salmaso Geisha Powell Center Workshop"
"1911","Gymnodinium","helveticum","1b-LargeDino","Gymnodinium helveticum","Salmaso & Padisak 2007"
"1751","Gymnodinium","lacustre","2b-SmallDino","Gymnodinium lacustre","Salmaso & Padisak 2007"
"1761","Gymnodinium","","2b-SmallDino","Gymnodinium","Salmaso & Padisak 2007"
"3941","Gymnodinium","lantschii","2b-SmallDino","Gymnodinium lantschii","Tolotti et al. 2010"
"3951","Gymnodinium","","2b-SmallDino","Gymnodinium","Tolotti et al. 2010"
"953","Gyromitus","cordiformis","3a-UnicPhyto","Gyromitus cordiformis","Howe et al. 2011"
"461","Gyrosigma","","6b2-LUniPenn","Gyrosigma","Li et al. 2018"
"741","Haematococcus","","3a-UnicPhyto","Haematococcus","Salmaso Geisha Powell Center Workshop"
"963","Halamphora","holsatica","6b2-LUniPenn","Halamphora holsatica","Rimet et al. 2018"
"973","Halamphora","veneta","6b2-LUniPenn","Halamphora veneta","Rimet et al. 2018"
"983","Handmannia","glabriuscula","7a-SmallCent","Handmannia glabriuscula","Rimet et al. 2018"
"993","Hannaea","arcus","6b2-LUniPenn","Hannaea arcus","Western Diatoms of North America"
"1771","Hantzschia","amphioxys","6b","Hantzschia amphioxys","Salmaso & Padisak 2007"
"1003","Hapalosiphon","flexuosus","5e-Nostocales","Hapalosiphon flexuosus","Algaebase"
"1015","Haplotaenium","minutum","10b-FilaConj","Haplotaenium minutum","Algaebase"
"282","Haptophyceae","","NA","Haptophyceae","description"
"3171","Hariotina","reticulata","1a-LargeChry","Hariotina reticulata","Li et al. 2018"
"1023","Hegewaldia","parvula","9b-SmallChlor","Hegewaldia parvula","Algaebase"
"1033","Heimansia","pusilla","9a-SmallConj","Heimansia pusilla","Algaebase"
"97","Heleochloris","pallida","1a-LargeChry","Heleochloris pallida","Tsarenko 2011"
"1042","Heterochromonas","","2a-SmallChry1","Heterochromonas","Matz & Jurgens 2005"
"1052","Heteroleibleinia","","5a-FilaCyano","Heteroleibleinia","Algaebase"
"1063","Heterothrix","","10c-FilaXant","Heterothrix","Algaebase"
"1073","Heterothrix","tenuissima","10c-FilaXant","Heterothrix tenuissima","Algaebase"
"1083","Hippodonta","","7b-SmallPenn","Hippodonta","Western Diatoms of North America"
"1093","Hippodonta","capitata","7b-SmallPenn","Hippodonta capitata","Western Diatoms of North America"
"1104","Hormogonales","","NA","Hormogonales","description"
"246","Hormogonales","(cyli-like)","NA","Hormogonales (cyli-like)","description"
"1114","Humidophila","perpusilla","7b-SmallPenn","Humidophila perpusilla","Western Diatoms of North America"
"99","Hyalotheca","dissiliens","10b-FilaConj","Hyalotheca dissiliens","Algaebase"
"1133","Iconella","biseriata","6b2-LUniPenn","Iconella biseriata","Western Diatoms of North America"
"1143","Iconella","delicatissima","6b2-LUniPenn","Iconella delicatissima","Western Diatoms of North America"
"751","Isthmochloron","","8b-LargeUnic","Isthmochloron","Salmaso Geisha Powell Center Workshop"
"100","Jaaginema","geminatum","5a-FilaCyano","Jaaginema geminatum","Algaebase; Anagnostidis &  Komarek 1988"
"351","Katablepharis","","2d-Crypto","Katablepharis","Salmaso & Padisak 2007"
"1781","Katablepharis","ovalis","2d-Crypto","Katablepharis ovalis","Salmaso & Padisak 2007"
"4012","Katablepharis","ovalis","2d-Crypto","Katablepharis ovalis","Tolotti et al. 2010"
"329","Katodinium","","2b-SmallDino","Katodinium","Tolotti et al. 2010"
"314","Kephyrion","","2a-SmallChry1","Kephyrion","Salmaso & Padisak 2007"
"1812","Kephyrion","starmachii","2a-SmallChry1","Kephyrion starmachii","Salmaso & Padisak 2007"
"761","Keratococcus","","9b-SmallChlor","Keratococcus","Salmaso Geisha Powell Center Workshop"
"251","Kirchneriella","lunaris","1b-LargeDino","Kirchneriella lunaris","Salmaso Geisha Powell Center Workshop"
"252","Kirchneriella","","1b-LargeDino","Kirchneriella","Salmaso Geisha Powell Center Workshop"
"766","Kirchneriella","","1b-LargeDino","Kirchneriella","Salmaso & Padisak 2007"
"1831","Kirchneriella","contorta","1b-LargeDino","Kirchneriella contorta","Salmaso & Padisak 2007"
"3181","Kirchneriella","","1b-LargeDino","Kirchneriella","Li et al. 2018"
"1153","Klebsormidium","subtile","10a-FilaChlorp","Klebsormidium subtile","Rimet et al. 2018"
"1841","Koliella","longiseta","9d-SmallUnic","Koliella longiseta","Salmaso & Padisak 2007"
"781","Komarekia","","1b-LargeDino","Komarekia","Salmaso Geisha Powell Center Workshop"
"101","Komvophoron","","5a-FilaCyano","Komvophoron","CyanoDB 2"
"102","Komvophoron","constrictum","5a-FilaCyano","Komvophoron constrictum","CyanoDB 2"
"103","Komvophoron","schmidlei","5a-FilaCyano","Komvophoron schmidlei","CyanoDB 2"
"523","Korschivoviella","","8a-LargeCoCh","Korschivoviella","Tolotti et al. 2010"
"524","Korshikoviella","limnetica","8a-LargeCoCh","Korshikoviella limnetica","Salmaso Geisha Powell Center Workshop"
"791","Korshikoviella","","8a-LargeCoCh","Korshikoviella","Salmaso Geisha Powell Center Workshop"
"801","Lagerheimia","","9b-SmallChlor","Lagerheimia","Salmaso Geisha Powell Center Workshop"
"3491","Lagerheimia","ciliata","1a-LargeChry","Lagerheimia ciliata","Li et al. 2018"
"3501","Lagerheimia","quadriseta","1a-LargeChry","Lagerheimia quadriseta","Li et al. 2018"
"1163","Lanceola","tulifera","8a-LargeCoCh","Lanceola spatulifera","Rimet et al. 2018"
"3512","Lemmermannia","komarekii","1b-LargeDino","Lemmermannia komarekii","Li et al. 2018"
"106","Lemmermanniella","parva","5c-OtherChroo","Lemmermanniella parva","Lemmermanniella"
"107","Lemmermanniella","","5c-OtherChroo","Lemmermanniella","Lemmermanniella"
"300","Lepocinclis","acus","1c-LargeEugl","Lepocinclis acus","Salmaso Geisha Powell Center Workshop"
"336","Lepocinclis","","2c-SmallEugl","Lepocinclis","Salmaso Geisha Powell Center Workshop"
"1851","Lepocinclis","","2c-SmallEugl","Lepocinclis","Salmaso & Padisak 2007"
"108","Leptolyngbya","lagerheimii","5a-FilaCyano","Leptolyngbya lagerheimii","CyanoDB 2"
"109","Leptolyngbya","","5a-FilaCyano","Leptolyngbya","CyanoDB 2"
"112","Leptolyngbya","valderiana","5a-FilaCyano","Leptolyngbya valderiana","CyanoDB 2"
"1173","Limnococcus","limneticus","5c-OtherChroo","Limnococcus limneticus","Algaebase"
"1182","Limnolyngbya","circumcreta","5a-FilaCyano","Limnolyngbya circumcreta","Rimet et al. 2018"
"1193","Limnoraphis","birgei","5a-FilaCyano","Limnoraphis birgei","Algaebase"
"113","Limnothrix","","5a-FilaCyano","Limnothrix","Algaebase"
"2981","Limnothrix","","5a-FilaCyano","Limnothrix","Li et al. 2018"
"4191","Limnotrichidae","","5a-FilaCyano","Limnotrichidae","Tolotti et al. 2010"
"379","Limnotrichoideae","","5a-FilaCyano","Limnotrichoideae","Salmaso & Padisak 2007"
"3511","Limnotrichoideae","ind.","5a-FilaCyano","Limnotrichoideae ind.","Salmaso & Padisak 2007"
"1203","Lindavia","bodanica","7a-SmallCent","Lindavia bodanica","Western Diatoms of North America"
"1215","Lindavia","praetermissa","7a-SmallCent","Lindavia praetermissa","Western Diatoms of North America"
"1223","Lindavia","schroeteri","7a-SmallCent","Lindavia schroeteri","Western Diatoms of North America"
"114","Lobocystis","","1a-LargeChry","Lobocystis","Algaebase; Thompson 1952"
"1233","Lobomonas","","3a-UnicPhyto","Lobomonas","Algaebase"
"115","Luticola","cohnii","7b-SmallPenn","Luticola cohnii","Western Diatoms of North America"
"116","Luticola","mutica","7b-SmallPenn","Luticola mutica","Western Diatoms of North America"
"117","Lyngbya","","5a-FilaCyano","Lyngbya","CyanoDB 2"
"119","Lyngbya","truncicola","5a-FilaCyano","Lyngbya truncicola","CyanoDB 2"
"318","Mallomonas","elegans","2a-SmallChry1","Mallomonas elegans","Salmaso Geisha Powell Center Workshop"
"319","Mallomonas","","2a-SmallChry1","Mallomonas","Salmaso Geisha Powell Center Workshop"
"2711","Mallomonas","bolochonzevii","2d-Crypto","Mallomonas bolochonzevii","Salmaso & Padisak 2007"
"2811","Mallomonas","","2d-Crypto","Mallomonas","Salmaso & Padisak 2007"
"1861","Mallomonas","","2a-SmallChry1","Mallomonas","Salmaso & Padisak 2007"
"3631","Mallomonas","","2a-SmallChry1","Mallomonas","Li et al. 2018"
"3901","Mallomonas","acaroides","2a-SmallChry1","Mallomonas acaroides","Tolotti et al. 2010"
"3912","Mallomonas","akrokomos","2a-SmallChry1","Mallomonas akrokomos","Tolotti et al. 2010"
"16","Mantellum","","5c-OtherChroo","Mantellum","CyanoDB 2"
"1253","Martyana","","7b-SmallPenn","Martyana","Western Diatoms of North America"
"1263","Mayamaea","lacunolaciniata","7b-SmallPenn","Mayamaea lacunolaciniata","Western Diatoms of North America"
"841","Melosira","varians","6a1-LColCent","Melosira varians","Salmaso Geisha Powell Center Workshop"
"4611","Melosira","varians","6a","Melosira varians","Salmaso & Padisak 2007"
"3761","Melosira","varians","6a1-LColCent","Melosira varians","Li et al. 2018"
"5512","Melosira","varians complex","6a1-LColCent","Melosira varians complex","Salmaso Geisha Powell Center Workshop"
"120","Meridion","circulare","6b1-LColPenn","Meridion circulare","Western Diatoms of North America"
"408","Merismopedia","glauca","5d-SmallChroo","Merismopedia glauca","Salmaso Geisha Powell Center Workshop"
"409","Merismopedia","","5d-SmallChroo","Merismopedia","Salmaso Geisha Powell Center Workshop"
"1881","Merismopedia","tenuissima","5d-SmallChroo","Merismopedia tenuissima","Salmaso & Padisak 2007"
"2991","Merismopedia","","5d-SmallChroo","Merismopedia","Li et al. 2018"
"4211","Merismopedia","","5d-SmallChroo","Merismopedia","Tolotti et al. 2010"
"1273","Messastrum","gracile","1a-LargeChry","Messastrum gracile","Rimet et al. 2018"
"861","Micractinium","","1a-LargeChry","Micractinium","Salmaso Geisha Powell Center Workshop"
"3521","Micractinium","pusillum","1a-LargeChry","Micractinium pusillum","Li et al. 2018"
"1283","Micrasterias","","8a-LargeCoCh","Micrasterias","Algaebase"
"1293","Micrasterias","arcuata expansa","8a-LargeCoCh","Micrasterias arcuata expansa","Algaebase"
"1303","Micrasterias","floridensis","8a-LargeCoCh","Micrasterias floridensis","Algaebase"
"1315","Micrasterias","foliacea","10b-FilaConj","Micrasterias foliacea","Algaebase"
"1323","Micrasterias","furcata","8a-LargeCoCh","Micrasterias furcata","Algaebase"
"1333","Micrasterias","johnsonii","8a-LargeCoCh","Micrasterias johnsonii","Algaebase"
"1343","Micrasterias","mahabuleshwarensis dichotoma","8a-LargeCoCh","Micrasterias mahabuleshwarensis dichotoma","Algaebase"
"1353","Micrasterias","radiata gracillima","8a-LargeCoCh","Micrasterias radiata gracillima","Algaebase"
"1363","Microcoleus","","5a-FilaCyano","Microcoleus","Algaebase"
"1372","Microcrocis","","5c-OtherChroo","Microcrocis","Algaebase"
"392","Microcystaceae","","5b-LargeVacC","Microcystaceae","Salmaso & Padisak 2007"
"3911","Microcystaceae","ind.","5b-LargeVacC","Microcystaceae ind.","Salmaso & Padisak 2007"
"394","Microcystis","flos-aquae","5b-LargeVacC","Microcystis flos-aquae","Salmaso Geisha Powell Center Workshop"
"396","Microcystis","wesenbergii","5b-LargeVacC","Microcystis wesenbergii","Salmaso Geisha Powell Center Workshop"
"871","Microcystis","aeruginosa","5b-LargeVacC","Microcystis aeruginosa","Salmaso Geisha Powell Center Workshop"
"3811","Microcystis","aeruginosa","5b-LargeVacC","Microcystis aeruginosa","Salmaso & Padisak 2007"
"3001","Microcystis","marginata","5b-LargeVacC","Microcystis marginata","Li et al. 2018"
"217","Microflagellate","","NA","Microflagellate","description"
"121","Microspora","abbreviata","10a-FilaChlorp","Microspora abbreviata","Algaebase"
"238","Miscellaneous","diatom","NA","Miscellaneous diatom","description"
"240","Miscellaneous","flagellated chrysophyte","NA","Miscellaneous flagellated chrysophyte","description"
"2421","Miscellaneous","algae","NA","Miscellaneous algae","description"
"2692","Miscellaneous","microflagellate","NA","Miscellaneous microflagellate","description"
"3191","Monactinus","simplex","1a-LargeChry","Monactinus simplex","Li et al. 2018"
"1891","Monallanthus","","9d-SmallUnic","Monallanthus","Salmaso & Padisak 2007"
"1382","Monallantus","","9d-SmallUnic","Monallantus","Algaebase"
"1392","Monodus","","9b-SmallChlor","Monodus","Salmaso & Padisak 2007"
"1403","Monomastix","","2d-Crypto","Monomastix","Algaebase"
"1415","Monomastix","astigmata","2d-Crypto","Monomastix astigmata","Algaebase"
"1423","Monomastix","minuta","2d-Crypto","Monomastix minuta","Algaebase"
"526","Monoraphidium","komarkovae","8a-LargeCoCh","Monoraphidium komarkovae","Salmaso Geisha Powell Center Workshop"
"556","Monoraphidium","minutum","9b-SmallChlor","Monoraphidium minutum","Salmaso Geisha Powell Center Workshop"
"557","Monoraphidium","nanum","9b-SmallChlor","Monoraphidium nanum","Salmaso Geisha Powell Center Workshop"
"881","Monoraphidium","","9b-SmallChlor","Monoraphidium","Salmaso Geisha Powell Center Workshop"
"6210","Monoraphidium","dybowskii","9b-SmallChlor","Monoraphidium dybowskii","Salmaso & Padisak 2007"
"6310","Monoraphidium","minutum/nanum","9b-SmallChlor","Monoraphidium minutum/nanum","Salmaso & Padisak 2007"
"1901","Monoraphidium","arcuatum","9b-SmallChlor","Monoraphidium arcuatum","Salmaso & Padisak 2007"
"1912","Monoraphidium","contortum","9b-SmallChlor","Monoraphidium contortum","Salmaso & Padisak 2007"
"4521","Monoraphidium","dybowskii","9b-SmallChlor","Monoraphidium dybowskii","Tolotti et al. 2010"
"192","Mougeotia","","10b-FilaConj","Mougeotia","Salmaso Geisha Powell Center Workshop"
"1101","Mougeotia","","10b-FilaConj","Mougeotia","Salmaso & Padisak 2007"
"4541","Mougeotia","","10b-FilaConj","Mougeotia","Tolotti et al. 2010"
"216","Mychonastes","elegans","1a-LargeChry","Mychonastes elegans","Algaebase; Tsarenko 2011"
"1433","Myxobaktron","","4-UnicCyano","Myxobaktron","McGregor 2001"
"1443","Myxobaktron","lineare","4-UnicCyano","Myxobaktron lineare","McGregor 2001"
"1453","Myxobaktron","salinum","4-UnicCyano","Myxobaktron salinum","McGregor 2001"
"1463","Myxobaktron","smithii","4-UnicCyano","Myxobaktron smithii","McGregor 2001"
"1473","Naiadinium","polonicum","2b-SmallDino","Naiadinium polonicum","Salmaso & Padisak 2007"
"1483","Nannochloris","","9b-SmallChlor","Nannochloris","Algaebase"
"1493","Nannochloris","atomus","9b-SmallChlor","Nannochloris atomus","Algaebase"
"465","Navicula","hungarica","6b2-LUniPenn","Navicula hungarica","Salmaso Geisha Powell Center Workshop"
"466","Navicula","radiosa","6b2-LUniPenn","Navicula radiosa","Salmaso Geisha Powell Center Workshop"
"510","Navicula","","7b-SmallPenn","Navicula","Salmaso Geisha Powell Center Workshop"
"1941","Navicula","cryptocephala","6b","Navicula cryptocephala","Salmaso & Padisak 2007"
"1951","Navicula","gracilis","6b","Navicula gracilis","Salmaso & Padisak 2007"
"1961","Navicula","hungarica capitata","6b","Navicula hungarica capitata","Salmaso & Padisak 2007"
"1971","Navicula","","7b-SmallPenn","Navicula","Salmaso & Padisak 2007"
"1981","Navicula","","6b","Navicula","Salmaso & Padisak 2007"
"3691","Navicula","","7b-SmallPenn","Navicula","Li et al. 2018"
"4312","Navicula","gruppo radiosa","6b-LargePenn","Navicula gruppo radiosa","Tolotti et al. 2010"
"4481","Navicula","","7b-SmallPenn","Navicula","Tolotti et al. 2010"
"1502","Navigeia","decussis","7b-SmallPenn","Navigeia decussis","Rimet et al. 2018"
"1514","Neidiomorpha","binodis","7b-SmallPenn","Neidiomorpha binodis","Western Diatoms of North America"
"122","Neidium","affine","7b-SmallPenn","Neidium affine","Western Diatoms of North America"
"123","Neidium","binodeforme","7b-SmallPenn","Neidium binodeforme","Western Diatoms of North America"
"124","Neidium","dubium","7b-SmallPenn","Neidium dubium","Western Diatoms of North America"
"125","Neidium","iridis","7b-SmallPenn","Neidium iridis","Western Diatoms of North America"
"126","Neidium","","7b-SmallPenn","Neidium","Western Diatoms of North America"
"2001","Neocystis","policocca","1b-LargeDino","Neocystis policocca","Salmaso & Padisak 2007"
"2012","Neocystis","policocca+others","1b-LargeDino","Neocystis policocca+others","Salmaso & Padisak 2007"
"127","Nephrochlamys","allanthoidea","1a-LargeChry","Nephrochlamys allanthoidea","Algaebase"
"128","Nephrochlamys","danica","1a-LargeChry","Nephrochlamys danica","Algaebase"
"129","Nephrochlamys","subsolitaria","1a-LargeChry","Nephrochlamys subsolitaria","Algaebase"
"911","Nephrochloris","","2a-SmallChry1","Nephrochloris","Salmaso Geisha Powell Center Workshop"
"256","Nephrocytium","","1b-LargeDino","Nephrocytium","Salmaso Geisha Powell Center Workshop"
"812","Nephrocytium","agardhianum","1b-LargeDino","Nephrocytium agardhianum","Salmaso & Padisak 2007"
"912","Nephrocytium","rale","1b-LargeDino","Nephrocytium spirale","Salmaso & Padisak 2007"
"3531","Nephrocytium","","1b-LargeDino","Nephrocytium","Li et al. 2018"
"931","Nephroselmis","","3a-UnicPhyto","Nephroselmis","Salmaso Geisha Powell Center Workshop"
"468","Nitzschia","graciliformis","6b2-LUniPenn","Nitzschia graciliformis","Salmaso Geisha Powell Center Workshop"
"469","Nitzschia","palea","6b2-LUniPenn","Nitzschia palea","Salmaso Geisha Powell Center Workshop"
"511","Nitzschia","","7b-SmallPenn","Nitzschia","Salmaso Geisha Powell Center Workshop"
"2021","Nitzschia","acicularis","7b-SmallPenn","Nitzschia acicularis","Salmaso & Padisak 2007"
"2031","Nitzschia","","7b-SmallPenn","Nitzschia","Salmaso & Padisak 2007"
"2041","Nitzschia","","6b","Nitzschia","Salmaso & Padisak 2007"
"3701","Nitzschia","","7b-SmallPenn","Nitzschia","Li et al. 2018"
"4321","Nitzschia","","6b-LargePenn","Nitzschia","Tolotti et al. 2010"
"4331","Nitzschia","acicularis","6b-LargePenn","Nitzschia acicularis","Tolotti et al. 2010"
"4341","Nitzschia","recta","6b-LargePenn","Nitzschia recta","Tolotti et al. 2010"
"2392","Nonmotile","chrysophytes","9c-SmallChry2","Nonmotile chrysophytes","description"
"1522","Nostoc","","5e-Nostocales","Nostoc","Algaebase"
"1532","Nostoc","caeruleum planctonicum","5e-Nostocales","Nostoc caeruleum planctonicum","Algaebase"
"277","Nostocales","","5e-Nostocales","Nostocales","description"
"320","Ochromonadaceae","","2a-SmallChry1","Ochromonadaceae","Salmaso & Padisak 2007"
"353","Ochromonas","","2a-SmallChry1","Ochromonas","Salmaso Geisha Powell Center Workshop"
"2051","Ochromonas","","2a-SmallChry1","Ochromonas","Salmaso & Padisak 2007"
"130","Oedogonium","","10a-FilaChlorp","Oedogonium","Algaebase; Huxley & Pentecost 2002"
"131","Oestrupia","bicontracta","7b-SmallPenn","Oestrupia bicontracta","Western Diatoms of North America"
"260","Oocystis","","1b-LargeDino","Oocystis","Salmaso Geisha Powell Center Workshop"
"1012","Oocystis","","1b-LargeDino","Oocystis","Salmaso & Padisak 2007"
"2061","Oocystis","lacustris","1b-LargeDino","Oocystis lacustris","Salmaso & Padisak 2007"
"2071","Oocystis","solitaria","1b-LargeDino","Oocystis solitaria","Salmaso & Padisak 2007"
"3541","Oocystis","","1b-LargeDino","Oocystis","Li et al. 2018"
"382","Oscillatoria","","5a-FilaCyano","Oscillatoria","Salmaso & Padisak 2007"
"2081","Oscillatoria","chlorina","5a-FilaCyano","Oscillatoria chlorina","Salmaso & Padisak 2007"
"2091","Oscillatoria","rubescens","5a-FilaCyano","Oscillatoria rubescens","Salmaso & Padisak 2007"
"3011","Oscillatoria","","5a-FilaCyano","Oscillatoria","Li et al. 2018"
"2101","other","chrysoflagellates","2a-SmallChry1","other chrysoflagellates","Salmaso & Padisak 2007"
"2112","other","coccal green","9b-SmallChlor","other coccal green","Salmaso & Padisak 2007"
"2121","other","Hormogonales","5a-FilaCyano","other Hormogonales","Salmaso & Padisak 2007"
"2131","other","Phytomonadina","3a-UnicPhyto","other Phytomonadina","Salmaso & Padisak 2007"
"2141","othre","Chlorococcales","9b-SmallChlor","othre Chlorococcales","Salmaso & Padisak 2007"
"971","Pachycladon","","9b-SmallChlor","Pachycladon","Salmaso Geisha Powell Center Workshop"
"261","Palmella","mucosa","1b-LargeDino","Palmella mucosa","Li et al. 2018"
"262","Palmella","","1b-LargeDino","Palmella","Li et al. 2018"
"981","Pandorina","morum","3b-ColoPhyto","Pandorina morum","Salmaso Geisha Powell Center Workshop"
"3411","Pandorina","minodi","3b-ColoPhyto","Pandorina minodi","Salmaso & Padisak 2007"
"2151","Pandorina","morum","3b-ColoPhyto","Pandorina morum","Salmaso & Padisak 2007"
"3221","Pandorina","morum","3b-ColoPhyto","Pandorina morum","Li et al. 2018"
"4141","Pandorina","morum","3b-ColoPhyto","Pandorina morum","Tolotti et al. 2010"
"134","Pannus","mosus","5c-OtherChroo","Pannus spumosus","CyanoDB 2"
"1542","Pantocsekiella","comensis","7a-SmallCent","Pantocsekiella comensis","Western Diatoms of North America"
"1552","Pantocsekiella","costei small","7a-SmallCent","Pantocsekiella costei small","Western Diatoms of North America"
"1562","Pantocsekiella","delicatula","7a-SmallCent","Pantocsekiella delicatula","Western Diatoms of North America"
"1572","Pantocsekiella","gordonensis","7a-SmallCent","Pantocsekiella gordonensis","Western Diatoms of North America"
"1582","Pantocsekiella","ocellata","7a-SmallCent","Pantocsekiella ocellata","Western Diatoms of North America"
"1592","Pantocsekiella","polymorpha","7a-SmallCent","Pantocsekiella polymorpha","Western Diatoms of North America"
"1602","Pantocsekiella","rossii","7a-SmallCent","Pantocsekiella rossii","Western Diatoms of North America"
"135","Papenfussiomonas","cordata","3a-UnicPhyto","Papenfussiomonas cordata","Algaebase"
"136","Paradoxia","multiseta","9b-SmallChlor","Paradoxia multiseta","Algaebase"
"140","Paradoxia","pelletieri","9b-SmallChlor","Paradoxia pelletieri","Algaebase"
"3231","Parapediastrum","biradiatum","1a-LargeChry","Parapediastrum biradiatum","Li et al. 2018"
"2161","Paraphysomonas","vestita","2a-SmallChry1","Paraphysomonas vestita","Salmaso & Padisak 2007"
"141","Paulschulzia","pseudovolvox","1b-LargeDino","Paulschulzia pseudovolvox","Algaebase"
"3241","Pectodictyon","pyramidale","1b-LargeDino","Pectodictyon pyramidale","Li et al. 2018"
"991","Pediastrum","","1a-LargeChry","Pediastrum","Salmaso Geisha Powell Center Workshop"
"5100","Pediastrum","simplex","1a-LargeChry","Pediastrum simplex","Salmaso & Padisak 2007"
"2171","Pediastrum","boryanum","1a-LargeChry","Pediastrum boryanum","Salmaso & Padisak 2007"
"2181","Pediastrum","duplex","1a-LargeChry","Pediastrum duplex","Salmaso & Padisak 2007"
"527","Penium","","8a-LargeCoCh","Penium","Li et al. 2018"
"4351","Pennales","unident","6b-LargePenn","Pennales unident","Tolotti et al. 2010"
"270","Pennate","","NA","Pennate","description"
"271","Pennate","diatom","7b-SmallPenn","Pennate diatom","description"
"2722","Pennate","diatoms","NA","Pennate diatoms","description"
"3114","Pennate","diatoms","7b-SmallPenn","Pennate diatoms","description"
"312","Pennate","diatoms","6b2-LUniPenn","Pennate diatoms","description"
"331","Peridiniopsis","","2b-SmallDino","Peridiniopsis","Salmaso & Padisak 2007"
"2191","Peridiniopsis","penardiforme","2b-SmallDino","Peridiniopsis penardiforme","Salmaso & Padisak 2007"
"3871","Peridiniopsis","polonicum","1b-LargeDino","Peridiniopsis polonicum","Tolotti et al. 2010"
"393","Peridiniopsis","","2b-SmallDino","Peridiniopsis","Tolotti et al. 2010"
"296","Peridinium","","1b-LargeDino","Peridinium","Salmaso Geisha Powell Center Workshop"
"297","Peridinium","volzii","1b-LargeDino","Peridinium volzii","Salmaso Geisha Powell Center Workshop"
"2011","Peridinium","","1b-LargeDino","Peridinium","Salmaso & Padisak 2007"
"2212","Peridinium","aciculiferum","2b-SmallDino","Peridinium aciculiferum","Salmaso & Padisak 2007"
"2221","Peridinium","inconcuum","2b-SmallDino","Peridinium inconspicuum","Salmaso & Padisak 2007"
"2231","Peridinium","","2b-SmallDino","Peridinium","Salmaso & Padisak 2007"
"2241","Peridinium","umbonatum","1b-LargeDino","Peridinium umbonatum","Salmaso & Padisak 2007"
"3851","Peridinium","","1b-LargeDino","Peridinium","Li et al. 2018"
"3971","Peridinium","","2b-SmallDino","Peridinium","Tolotti et al. 2010"
"2251","Phacotus","lenticularis","3a-UnicPhyto","Phacotus lenticularis","Salmaso & Padisak 2007"
"301","Phacus","longicauda","1c-LargeEugl","Phacus longicauda","Salmaso Geisha Powell Center Workshop"
"302","Phacus","","1c-LargeEugl","Phacus","Salmaso Geisha Powell Center Workshop"
"3601","Phacus","","1c-LargeEugl","Phacus","Li et al. 2018"
"1614","Phaeocystis","","1a-LargeChry","Phaeocystis","Algaebase"
"383","Phormidium","","5a-FilaCyano","Phormidium","Salmaso & Padisak 2007"
"273","Picocyano","","NA","Picocyano","description"
"471","Pinnularia","","6b2-LUniPenn","Pinnularia","Salmaso Geisha Powell Center Workshop"
"4361","Pinnularia","","6b-LargePenn","Pinnularia","Tolotti et al. 2010"
"142","Placoneis","clementis","7b-SmallPenn","Placoneis clementis","Western Diatoms of North America"
"2911","Plagioselmis","nannoplanctica","2d-Crypto","Plagioselmis nannoplanctica","Salmaso & Padisak 2007"
"2271","Planctonema","lauterbornii","10a-FilaChlorp","Planctonema lauterbornii","Salmaso & Padisak 2007"
"385","Planktolyngbya","","5a-FilaCyano","Planktolyngbya","Salmaso Geisha Powell Center Workshop"
"3611","Planktolyngbya","limnetica","5a-FilaCyano","Planktolyngbya limnetica","Salmaso & Padisak 2007"
"1111","Planktosphaeria","gelatinosa","1b-LargeDino","Planktosphaeria gelatinosa","Salmaso & Padisak 2007"
"4641","Planktosphaeria","gelatinosa","1b-LargeDino","Planktosphaeria gelatinosa","Tolotti et al. 2010"
"388","Planktothrix","","5a-FilaCyano","Planktothrix","Salmaso Geisha Powell Center Workshop"
"3711","Planktothrix","rubescens/ag.","5a-FilaCyano","Planktothrix rubescens/ag.","Salmaso & Padisak 2007"
"2281","Planktothrix","agardhii","5a-FilaCyano","Planktothrix agardhii","Salmaso & Padisak 2007"
"2291","Planktothrix","rubescens","5a-FilaCyano","Planktothrix rubescens","Salmaso & Padisak 2007"
"143","Planothidium","calcar","7b-SmallPenn","Planothidium calcar","Western Diatoms of North America"
"144","Planothidium","lanceolatum","7b-SmallPenn","Planothidium lanceolatum","Western Diatoms of North America"
"371","Pleodorina","","3b-ColoPhyto","Pleodorina","Tolotti et al. 2010"
"4151","Pleodorina","californica","3b-ColoPhyto","Pleodorina californica","Tolotti et al. 2010"
"145","Pleurotaenium","trabecula","8a-LargeCoCh","Pleurotaenium trabecula","Algaebase"
"105","Polyblepharides","singularis","3a-UnicPhyto","Polyblepharides singularis","Salmaso Geisha Powell Center Workshop"
"146","Polyedriopsis","bitridens","9b-SmallChlor","Polyedriopsis bitridens","Salmaso Geisha Powell Center Workshop"
"1061","Polyedriopsis","nulosa","9b-SmallChlor","Polyedriopsis spinulosa","Salmaso Geisha Powell Center Workshop"
"1622","Prymnesium","laurentianum","2a-SmallChry1","Prymnesium laurentianum","Tolotti et al. 2010"
"389","Pseudanabaena","limnetica","5a-FilaCyano","Pseudanabaena limnetica","Salmaso Geisha Powell Center Workshop"
"390","Pseudanabaena","","5a-FilaCyano","Pseudanabaena","Salmaso Geisha Powell Center Workshop"
"2301","Pseudanabaena","","5a-FilaCyano","Pseudanabaena","Salmaso & Padisak 2007"
"3021","Pseudanabaena","","5a-FilaCyano","Pseudanabaena","Li et al. 2018"
"4201","Pseudoanabaena","catenata","5a-FilaCyano","Pseudoanabaena catenata","Tolotti et al. 2010"
"1081","Pseudocarteria","","3a-UnicPhyto","Pseudocarteria","Salmaso Geisha Powell Center Workshop"
"1632","Pseudochlorella","pyrenoidosa","9d-SmallUnic","Pseudochlorella pyrenoidosa","Algaebase"
"147","Pseudococcomyxa","","9b-SmallChlor","Pseudococcomyxa","Algaebase"
"1642","Pseudodidymocystis","fina","1a-LargeChry","Pseudodidymocystis fina","Algaebase"
"1652","Pseudodidymocystis","planctonica","1a-LargeChry","Pseudodidymocystis planctonica","Algaebase"
"322","Pseudokephyrion","","2a-SmallChry1","Pseudokephyrion","Salmaso Geisha Powell Center Workshop"
"2311","Pseudokephyrion","","2a-SmallChry1","Pseudokephyrion","Salmaso & Padisak 2007"
"512","Pseudonitzschia","","7b-SmallPenn","Pseudonitzschia","Li et al. 2018"
"3251","Pseudopediastrum","boryanum","1a-LargeChry","Pseudopediastrum boryanum","Li et al. 2018"
"148","Pseudopedinella","","1c-LargeEugl","Pseudopedinella","Algaebase"
"265","Pseudoquadrigula","","1b-LargeDino","Pseudoquadrigula","Salmaso & Padisak 2007"
"1662","Pseudoschroederia","antillarum","8a-LargeCoCh","Pseudoschroederia antillarum","Algaebase"
"1672","Pseudoschroederia","robusta","8a-LargeCoCh","Pseudoschroederia robusta","Algaebase"
"2331","Pseudosphaerocystis","lacustris","1b-LargeDino","Pseudosphaerocystis lacustris","Salmaso & Padisak 2007"
"110","Pseudostaurastrum","","9d-SmallUnic","Pseudostaurastrum","Salmaso Geisha Powell Center Workshop"
"149","Pseudostaurosira","parasitica","6b1-LColPenn","Pseudostaurosira parasitica","Western Diatoms of North America"
"150","Pseudostaurosira","robusta","6b1-LColPenn","Pseudostaurosira robusta","Western Diatoms of North America"
"111","Pseudotetradesmus","quaternarius","1a-LargeChry","Pseudotetradesmus quaternarius","Salmaso Geisha Powell Center Workshop"
"2341","Pseudotetraedriella","kamillae","9d-SmallUnic","Pseudotetraedriella kamillae","Salmaso & Padisak 2007"
"1682","Pseudotetrastrum","punctatum","1a-LargeChry","Pseudotetrastrum punctatum","Algaebase"
"1692","Pteridomonas","","2a-SmallChry1","Pteridomonas","Algaebase"
"363","Pteromonas","","3a-UnicPhyto","Pteromonas","Salmaso Geisha Powell Center Workshop"
"3261","Pteromonas","","3a-UnicPhyto","Pteromonas","Li et al. 2018"
"1702","Pyramichlamys","","3a-UnicPhyto","Pyramichlamys","Algaebase"
"1714","Pyramichlamys","dissecta","3a-UnicPhyto","Pyramichlamys dissecta","Algaebase"
"1722","Pyramidomonas","","NA","Pyramidomonas","Algaebase"
"1131","Pyramimonas","","3a-UnicPhyto","Pyramimonas","Salmaso Geisha Powell Center Workshop"
"151","Quadrichloris","carterioides","3a-UnicPhyto","Quadrichloris carterioides","Algaebase; Fott 1960"
"152","Quadricoccus","ellipticus","1a-LargeChry","Quadricoccus ellipticus","Salmaso Geisha Powell Center Workshop"
"1141","Quadricoccus","","1b-LargeDino","Quadricoccus","Salmaso Geisha Powell Center Workshop"
"1151","Quadrigula","","1b-LargeDino","Quadrigula","Salmaso Geisha Powell Center Workshop"
"2351","Quadrigula","pfitzeri","1b-LargeDino","Quadrigula pfitzeri","Salmaso & Padisak 2007"
"3271","Quadrigula","chodatii","1b-LargeDino","Quadrigula chodatii","Li et al. 2018"
"269","Radiococcaceae","","1b-LargeDino","Radiococcaceae","Tolotti et al. 2010"
"4651","Radiococcaceae","undet.","1b-LargeDino","Radiococcaceae undet.","Tolotti et al. 2010"
"153","Radiococcus","planktonicus","1a-LargeChry","Radiococcus planktonicus","Algaebase"
"2361","Radiocystis","geminata","5c-OtherChroo","Radiocystis geminata","Salmaso & Padisak 2007"
"420","Raphidiopsis","","5e-Nostocales","Raphidiopsis","Salmaso Geisha Powell Center Workshop"
"3031","Raphidiopsis","","5e-Nostocales","Raphidiopsis","Li et al. 2018"
"1171","Raphidocelis","","1b-LargeDino","Raphidocelis","Salmaso Geisha Powell Center Workshop"
"3281","Raphidocelis","danubiana","1b-LargeDino","Raphidocelis danubiana","Li et al. 2018"
"154","Rayssiella","hemiaerica","1a-LargeChry","Rayssiella hemisphaerica","Algaebase; Edelstein & Prescott 1964"
"1732","Reimeria","sinuata","7b-SmallPenn","Reimeria sinuata","Western Diatoms of North America"
"155","Rhabdoderma","lineare","5c-OtherChroo","Rhabdoderma lineare","Salmaso Geisha Powell Center Workshop"
"156","Rhabdoderma","tenuissimum","5c-OtherChroo","Rhabdoderma tenuissimum","Salmaso Geisha Powell Center Workshop"
"118","Rhabdoderma","","5c-OtherChroo","Rhabdoderma","Salmaso Geisha Powell Center Workshop"
"411","Rhabdoglea","","5d-SmallChroo","Rhabdoglea","Li et al. 2018"
"1191","Rhabdogloea","","5c-OtherChroo","Rhabdogloea","Salmaso Geisha Powell Center Workshop"
"2371","Rhabdogloea","scenedesmoides","5c-OtherChroo","Rhabdogloea scenedesmoides","Salmaso & Padisak 2007"
"2381","Rhabdogloea","scenesesmoides","5d-SmallChroo","Rhabdogloea scenesesmoides","Salmaso & Padisak 2007"
"1742","Rhizochrysis","scherffelii","2a-SmallChry1","Rhizochrysis scherffelii","Salmaso & Padisak 2007"
"436","Rhizosolenia","longiseta","6a2-LUniCent","Rhizosolenia longiseta","Western Diatoms of North America"
"3010","Rhodomonas","minuta","2d-Crypto","Rhodomonas minuta","Salmaso & Padisak 2007"
"2391","Rhodomonas","lacustris","2d-Crypto","Rhodomonas lacustris","Salmaso & Padisak 2007"
"2401","Rhodomonas","lens","2d-Crypto","Rhodomonas lens","Salmaso & Padisak 2007"
"4001","Rhodomonas","minuta","2d-Crypto","Rhodomonas minuta","Tolotti et al. 2010"
"4071","Rhodomonas","","2d-Crypto","Rhodomonas","Tolotti et al. 2010"
"2742","Rhodophyta","","NA","Rhodophyta","description"
"157","Rhoicosphenia","abbreviata","7b-SmallPenn","Rhoicosphenia abbreviata","Western Diatoms of North America"
"1201","Rhopalodia","gibba","6b2-LUniPenn","Rhopalodia gibba","Salmaso Geisha Powell Center Workshop"
"242","Rhopalodia","gibba","6b","Rhopalodia gibba","Salmaso & Padisak 2007"
"1752","Rivularia","","5e-Nostocales","Rivularia","Algaebase"
"158","Romeria","chlorina","5c-OtherChroo","Romeria chlorina","Salmaso Geisha Powell Center Workshop"
"159","Romeria","gracilis","5c-OtherChroo","Romeria gracilis","Salmaso Geisha Powell Center Workshop"
"1211","Romeria","","5d-SmallChroo","Romeria","Salmaso Geisha Powell Center Workshop"
"4531","Rosse","capsioa bianca","9b-SmallChlor","Rosse capsioa bianca","Tolotti et al. 2010"
"2431","S.","alpinus","7a-SmallCent","S. alpinus","Salmaso & Padisak 2007"
"2441","S.","minutulus","7a-SmallCent","S. minutulus","Salmaso & Padisak 2007"
"2451","S.","neoastraea","6a","S. neoastraea","Salmaso & Padisak 2007"
"459","Scendesmus","armatus","1a-LargeChry","Scendesmus armatus","Tolotti et al. 2010"
"460","Scendesmus","acutus","1a-LargeChry","Scendesmus acutus","Tolotti et al. 2010"
"222","Scenedesmus","acutus","1a-LargeChry","Scenedesmus acutus","Salmaso Geisha Powell Center Workshop"
"225","Scenedesmus","bijuga","1a-LargeChry","Scenedesmus bijuga","Salmaso Geisha Powell Center Workshop"
"229","Scenedesmus","dimorphus","1a-LargeChry","Scenedesmus dimorphus","Salmaso Geisha Powell Center Workshop"
"231","Scenedesmus","linearis","1a-LargeChry","Scenedesmus linearis","Salmaso Geisha Powell Center Workshop"
"236","Scenedesmus","","1a-LargeChry","Scenedesmus","Salmaso Geisha Powell Center Workshop"
"2461","Scenedesmus","armatus","1a-LargeChry","Scenedesmus armatus","Salmaso & Padisak 2007"
"2471","Scenedesmus","communis","1a-LargeChry","Scenedesmus communis","Salmaso & Padisak 2007"
"2481","Scenedesmus","costatogranulatus","1a-LargeChry","Scenedesmus costatogranulatus","Salmaso & Padisak 2007"
"2491","Scenedesmus","ellipticus","1a-LargeChry","Scenedesmus ellipticus","Salmaso & Padisak 2007"
"2501","Scenedesmus","","1a-LargeChry","Scenedesmus","Salmaso & Padisak 2007"
"3291","Scenedesmus","arcuatus","1a-LargeChry","Scenedesmus arcuatus","Li et al. 2018"
"3301","Scenedesmus","obliquus","1a-LargeChry","Scenedesmus obliquus","Li et al. 2018"
"3312","Scenedesmus","platydiscus","1a-LargeChry","Scenedesmus platydiscus","Li et al. 2018"
"3321","Scenedesmus","quadricauda","1a-LargeChry","Scenedesmus quadricauda","Li et al. 2018"
"3331","Scenedesmus","nosus","1a-LargeChry","Scenedesmus spinosus","Li et al. 2018"
"4612","Scenedesmus","brasiliensis","1a-LargeChry","Scenedesmus brasiliensis","Tolotti et al. 2010"
"4621","Scenedesmus","","1a-LargeChry","Scenedesmus","Tolotti et al. 2010"
"1762","Scherffelia","","3a-UnicPhyto","Scherffelia","Algaebase"
"528","Schroederia","setigera","8a-LargeCoCh","Schroederia setigera","Salmaso Geisha Powell Center Workshop"
"559","Schroederia","","9b-SmallChlor","Schroederia","Salmaso Geisha Powell Center Workshop"
"2521","Schroederia","robusta","9b-SmallChlor","Schroederia robusta","Salmaso & Padisak 2007"
"2531","Schroederia","","1a-LargeChry","Schroederia","Salmaso & Padisak 2007"
"3341","Schroederia","","9b-SmallChlor","Schroederia","Li et al. 2018"
"1772","Scourfieldia","","3a-UnicPhyto","Scourfieldia","Algaebase"
"1782","Scourfieldia","cordiformis","3a-UnicPhyto","Scourfieldia cordiformis","Algaebase"
"1792","Scytonema","","5e-Nostocales","Scytonema","Algaebase"
"237","Selenastrum","","1a-LargeChry","Selenastrum","Salmaso & Padisak 2007"
"2541","Selenastrum","","9b-SmallChlor","Selenastrum","Salmaso & Padisak 2007"
"3351","Selenastrum","","1a-LargeChry","Selenastrum","Li et al. 2018"
"1802","Selenochloris","quadriloba","3a-UnicPhyto","Selenochloris quadriloba","Algaebase"
"2551","Selenstraceae","","1a-LargeChry","Selenstraceae","Salmaso & Padisak 2007"
"160","Sellaphora","bacillum","7b-SmallPenn","Sellaphora bacillum","Western Diatoms of North America"
"161","Sellaphora","pupula","7b-SmallPenn","Sellaphora pupula","Western Diatoms of North America"
"162","Sellaphora","rostrata","7b-SmallPenn","Sellaphora rostrata","Western Diatoms of North America"
"163","Siderocelis","minor","1a-LargeChry","Siderocelis minor","Tsarenko 2011"
"164","Siderocelis","oblonga","1a-LargeChry","Siderocelis oblonga","Tsarenko 2011"
"165","Siderocelis","ornata","1a-LargeChry","Siderocelis ornata","Tsarenko 2011"
"166","Siderocelis","","1a-LargeChry","Siderocelis","Tsarenko 2011"
"2362","single","centric","NA","single centric","description"
"295","single","centric","6a2-LUniCent","single centric","description"
"2972","single","centric","7a-SmallCent","single centric","description"
"1241","Skeletonema","potamos","6a1-LColCent","Skeletonema potamos","Salmaso Geisha Powell Center Workshop"
"2561","small","chrysoflagellates","2a-SmallChry1","small chrysoflagellates","Salmaso & Padisak 2007"
"1251","Snowella","","5c-OtherChroo","Snowella","Salmaso Geisha Powell Center Workshop"
"4111","Snowella","arachnoidea","5c-OtherChroo","Snowella arachnoidea","Salmaso & Padisak 2007"
"1814","Sorastrum","","1a-LargeChry","Sorastrum","Algaebase"
"1822","Sorastrum","americanum","1a-LargeChry","Sorastrum americanum","Algaebase"
"1832","Sorastrum","nulosum","1a-LargeChry","Sorastrum spinulosum","Algaebase"
"1842","Spermatozopsis","exsultans","3a-UnicPhyto","Spermatozopsis exsultans","Algaebase"
"1852","Sphaerellocystis","ampla","3a-UnicPhyto","Sphaerellocystis ampla","Algaebase"
"364","Sphaerellopsis","","3a-UnicPhyto","Sphaerellopsis","Tolotti et al. 2010"
"272","Sphaerocystis","","1b-LargeDino","Sphaerocystis","Salmaso & Padisak 2007"
"2571","Sphaerocystis","planctonica","1b-LargeDino","Sphaerocystis planctonica","Salmaso & Padisak 2007"
"3361","Sphaerocystis","","1b-LargeDino","Sphaerocystis","Li et al. 2018"
"167","Sphaeroeca","volvox","1a-LargeChry","Sphaeroeca volvox","Algaebase"
"1862","Sphaerospermopsis","","5e-Nostocales","Sphaerospermopsis","Algaebase"
"1872","Sphaerospermopsis","aphanizomenoides","5e-Nostocales","Sphaerospermopsis aphanizomenoides","Algaebase"
"1882","Sphaerozosma","laeve","10b-FilaConj","Sphaerozosma laeve","Algaebase"
"1892","Spiniferodinium","palustre","2b-SmallDino","Spiniferodinium palustre","Algaebase"
"2581","Spinoferomonas","","2a-SmallChry1","Spinoferomonas","Salmaso & Padisak 2007"
"193","Spirogyra","","10b-FilaConj","Spirogyra","Salmaso & Padisak 2007"
"2591","Spirogyra","","10a-FilaChlorp","Spirogyra","Salmaso & Padisak 2007"
"3571","Spirogyra","","10b-FilaConj","Spirogyra","Li et al. 2018"
"190","Spirulina","","5a-FilaCyano","Spirulina","Algaebase"
"1914","Spirulina","laxa","5a-FilaCyano","Spirulina laxa","Algaebase"
"194","Spondylosium","planum","10b-FilaConj","Spondylosium planum","Salmaso Geisha Powell Center Workshop"
"1261","Spondylosium","","10b-FilaConj","Spondylosium","Salmaso Geisha Powell Center Workshop"
"4551","Spyrogira","","10b-FilaConj","Spyrogira","Tolotti et al. 2010"
"529","Staurastrum","gracile","8a-LargeCoCh","Staurastrum gracile","Salmaso Geisha Powell Center Workshop"
"530","Staurastrum","natator","8a-LargeCoCh","Staurastrum natator","Salmaso Geisha Powell Center Workshop"
"534","Staurastrum","","8a-LargeCoCh","Staurastrum","Salmaso Geisha Powell Center Workshop"
"5710","Staurastrum","pingue","8a-LargeCoCh","Staurastrum pingue","Salmaso & Padisak 2007"
"5810","Staurastrum","planctonicum","8a-LargeCoCh","Staurastrum planctonicum","Salmaso & Padisak 2007"
"5910","Staurastrum","punctulatum","8a-LargeCoCh","Staurastrum punctulatum","Salmaso & Padisak 2007"
"6010","Staurastrum","","8a-LargeCoCh","Staurastrum","Salmaso & Padisak 2007"
"2641","Staurastrum","planktonicum","8a-LargeCoCh","Staurastrum planktonicum","Salmaso & Padisak 2007"
"3581","Staurastrum","","8a-LargeCoCh","Staurastrum","Li et al. 2018"
"3371","Stauridium","tetras","1a-LargeChry","Stauridium tetras","Li et al. 2018"
"535","Staurodesmus","cudatus","8a-LargeCoCh","Staurodesmus cuspidatus","Salmaso & Padisak 2007"
"2661","Staurodesmus","incus","8a-LargeCoCh","Staurodesmus incus","Salmaso & Padisak 2007"
"513","Stauroneis","","7b-SmallPenn","Stauroneis","Li et al. 2018"
"1922","Staurophora","","5a-FilaCyano","Staurophora","Algaebase"
"168","Staurosira","brevistriata","6b1-LColPenn","Staurosira brevistriata","Western Diatoms of North America"
"169","Staurosira","construens","6b1-LColPenn","Staurosira construens","Western Diatoms of North America"
"170","Staurosira","leptostauron","6b1-LColPenn","Staurosira leptostauron","Western Diatoms of North America"
"171","Staurosira","mutabilis","6b1-LColPenn","Staurosira mutabilis","Western Diatoms of North America"
"172","Staurosira","pinnata","6b1-LColPenn","Staurosira pinnata","Western Diatoms of North America"
"173","Staurosirella","pinnata","6b1-LColPenn","Staurosirella pinnata","Western Diatoms of North America"
"2671","Stelexomonas","dichotoma","2a-SmallChry1","Stelexomonas dichotoma","Salmaso & Padisak 2007"
"1932","Stenokalyx","rale","2a-SmallChry1","Stenokalyx spirale","Meyer et al. 1971"
"2681","Stenopterobia","pelagica","6b","Stenopterobia pelagica","Salmaso & Padisak 2007"
"2691","Stephanocostis","chantaicus","7a-SmallCent","Stephanocostis chantaicus","Salmaso & Padisak 2007"
"2601","Stephanod.","dubius","7a-SmallCent","Stephanod. dubius","Salmaso & Padisak 2007"
"2611","Stephanod.","minutulus","7a-SmallCent","Stephanod. minutulus","Salmaso & Padisak 2007"
"2621","Stephanod.","neoastraea-","6a","Stephanod. neoastraea-","Salmaso & Padisak 2007"
"2631","Stephanod.","neoastraea-Gr.","6a","Stephanod. neoastraea-Gr.","Salmaso & Padisak 2007"
"433","Stephanodiscus","neoastraea","6a2-LUniCent","Stephanodiscus neoastraea","Western Diatoms of North America"
"434","Stephanodiscus","","6a2-LUniCent","Stephanodiscus","Western Diatoms of North America"
"490","Stephanodiscus","","7a-SmallCent","Stephanodiscus","Western Diatoms of North America"
"493","Stephanodiscus","chantaicus","7a-SmallCent","Stephanodiscus chantaicus","Western Diatoms of North America"
"494","Stephanodiscus","dubius","7a-SmallCent","Stephanodiscus dubius","Western Diatoms of North America"
"495","Stephanodiscus","minutulus","7a-SmallCent","Stephanodiscus minutulus","Western Diatoms of North America"
"4711","Stephanodiscus","","6a","Stephanodiscus","Salmaso & Padisak 2007"
"2701","Stephanodiscus","alpinus","7a-SmallCent","Stephanodiscus alpinus","Salmaso & Padisak 2007"
"2712","Stephanodiscus","hantzschii","7a-SmallCent","Stephanodiscus hantzschii","Salmaso & Padisak 2007"
"4221","Stephanodiscus","hantschii","6a-LargeCent","Stephanodiscus hantschii","Tolotti et al. 2010"
"2721","Stichococcus","contortus","9d-SmallUnic","Stichococcus contortus","Salmaso & Padisak 2007"
"2731","Stichogloea","dorderleinii","1c-LargeEugl","Stichogloea dorderleinii","Salmaso & Padisak 2007"
"1942","Stigeoclonium","","10a-FilaChlorp","Stigeoclonium","Algaebase"
"1952","Stigeoclonium","tenue","10a-FilaChlorp","Stigeoclonium tenue","Algaebase"
"421","Stigonema","ocellatum","5e-Nostocales","Stigonema ocellatum","CyanoDB 2"
"174","Stokesiella","epipyxis","2a-SmallChry1","Stokesiella epipyxis","Algaebase"
"1281","Strombomonas","","1c-LargeEugl","Strombomonas","Salmaso Geisha Powell Center Workshop"
"196","Stylosphaeridium","stipitatum","3a-UnicPhyto","Stylosphaeridium stipitatum","Algaebase"
"474","Surirella","","6b2-LUniPenn","Surirella","Salmaso Geisha Powell Center Workshop"
"437","Surirella","","6b-LargePenn","Surirella","Tolotti et al. 2010"
"1301","Suxenella","mitrae","1a-LargeChry","Suxenella mitrae","Salmaso Geisha Powell Center Workshop"
"1972","Syncrypta","","1a-LargeChry","Syncrypta","Algaebase"
"376","Synechococcus","","4-UnicCyano","Synechococcus","Salmaso Geisha Powell Center Workshop"
"3041","Synechocystis","aquatilis","4-UnicCyano","Synechocystis aquatilis","Li et al. 2018"
"4171","Synecoccus","","4-UnicCyano","Synecoccus","Tolotti et al. 2010"
"476","Synedra","","6b2-LUniPenn","Synedra","Salmaso & Padisak 2007"
"2741","Synedra","acus","6b","Synedra acus","Salmaso & Padisak 2007"
"2751","Synedra","acus radinas+angustissima","7b-SmallPenn","Synedra acus radinas+angustissima","Salmaso & Padisak 2007"
"2761","Synedra","","6b","Synedra","Salmaso & Padisak 2007"
"2771","Synedra","ulna","6b","Synedra ulna","Salmaso & Padisak 2007"
"3801","Synedra","","6b2-LUniPenn","Synedra","Li et al. 2018"
"599","Synedra","japonica =Ulnaria","6b2-LUniPenn","Synedra japonica =Ulnaria","Salmaso Geisha Powell Center Workshop"
"288","Synura","","1a-LargeChry","Synura","Salmaso Geisha Powell Center Workshop"
"2781","Synura","","1a-LargeChry","Synura","Salmaso & Padisak 2007"
"198","Synuropsis","","1a-LargeChry","Synuropsis","Algaebase"
"450","Tabellaria","","6b1-LColPenn","Tabellaria","Salmaso & Padisak 2007"
"5111","Tabellaria","fenestrata","6b","Tabellaria fenestrata","Salmaso & Padisak 2007"
"2801","Tabellaria","flocculosa","6b","Tabellaria flocculosa","Salmaso & Padisak 2007"
"175","Teilingia","excavata","10b-FilaConj","Teilingia excavata","Algaebase"
"200","Tetrabaena","socialis","3b-ColoPhyto","Tetrabaena socialis","Rimet et al. 2018"
"560","Tetrachlorella","","9b-SmallChlor","Tetrachlorella","Salmaso Geisha Powell Center Workshop"
"1312","Tetrachlorella","alternans","1b-LargeDino","Tetrachlorella alternans","Salmaso & Padisak 2007"
"201","Tetracystis","pulchra","9b-SmallChlor","Tetracystis pulchra","Phycokey"
"1351","Tetradesmus","","1a-LargeChry","Tetradesmus","Salmaso Geisha Powell Center Workshop"
"1361","Tetraedriella","","9b-SmallChlor","Tetraedriella","Salmaso Geisha Powell Center Workshop"
"561","Tetraedron","bifurcatum","9b-SmallChlor","Tetraedron bifurcatum","Salmaso Geisha Powell Center Workshop"
"564","Tetraedron","","9b-SmallChlor","Tetraedron","Salmaso Geisha Powell Center Workshop"
"2821","Tetraedron","caudatum","9b-SmallChlor","Tetraedron caudatum","Salmaso & Padisak 2007"
"2831","Tetraedron","minimum","9b-SmallChlor","Tetraedron minimum","Salmaso & Padisak 2007"
"3381","Tetraedron","caudatum","1a-LargeChry","Tetraedron caudatum","Li et al. 2018"
"3391","Tetraedron","minimum","1a-LargeChry","Tetraedron minimum","Li et al. 2018"
"3401","Tetraedron","trigonum","1a-LargeChry","Tetraedron trigonum","Li et al. 2018"
"138","Tetraplektron","","9d-SmallUnic","Tetraplektron","Salmaso Geisha Powell Center Workshop"
"139","Tetraselmis","cordiformis","3a-UnicPhyto","Tetraselmis cordiformis","Salmaso Geisha Powell Center Workshop"
"4121","Tetraselmis","cordiformis","3a-UnicPhyto","Tetraselmis cordiformis","Tolotti et al. 2010"
"274","Tetraspora","","1b-LargeDino","Tetraspora","Salmaso Geisha Powell Center Workshop"
"3412","Tetraspora","","1b-LargeDino","Tetraspora","Li et al. 2018"
"1412","Tetrasporales/Chloroc.","","1b-LargeDino","Tetrasporales/Chloroc.","Salmaso & Padisak 2007"
"566","Tetrastrum","hastiferum","9b-SmallChlor","Tetrastrum hastiferum","Algaebase"
"567","Tetrastrum","heteracanthum","9b-SmallChlor","Tetrastrum heteracanthum","Algaebase"
"1411","Tetrastrum","","1a-LargeChry","Tetrastrum","Salmaso Geisha Powell Center Workshop"
"2841","Tetrastrum","glabrum","1a-LargeChry","Tetrastrum glabrum","Salmaso & Padisak 2007"
"3421","Tetrastrum","staurogeniaeforme","1a-LargeChry","Tetrastrum staurogeniaeforme","Li et al. 2018"
"199","Tetrastrum","","NA","Tetrastrum","Algaebase"
"176","Thalassiosira","pseudonana","7a-SmallCent","Thalassiosira pseudonana","Salmaso Geisha Powell Center Workshop"
"1421","Thalassiosira","","7a-SmallCent","Thalassiosira","Salmaso Geisha Powell Center Workshop"
"1431","Thalassiosiraceae","","7a-SmallCent","Thalassiosiraceae","Salmaso Geisha Powell Center Workshop"
"177","Thorakochloris","nygaardii","1a-LargeChry","Thorakochloris nygaardii","Algaebase"
"178","Thorakochloris","tetras","1a-LargeChry","Thorakochloris tetras","Algaebase"
"2022","Tolypothrix","","5e-Nostocales","Tolypothrix","Algaebase"
"303","Trachelomonas","granulosa","1c-LargeEugl","Trachelomonas granulosa","Salmaso Geisha Powell Center Workshop"
"337","Trachelomonas","","2c-SmallEugl","Trachelomonas","Salmaso Geisha Powell Center Workshop"
"3612","Trachelomonas","","2c-SmallEugl","Trachelomonas","Li et al. 2018"
"2851","Trachidiscus","sexangulatus","9d-SmallUnic","Trachidiscus sexangulatus","Salmaso & Padisak 2007"
"203","Trachydiscus","sexangulatus","9d-SmallUnic","Trachydiscus sexangulatus","Algaebase"
"1451","Traubaria","","8a-LargeCoCh","Traubaria","Salmaso Geisha Powell Center Workshop"
"568","Treubaria","crassina","9b-SmallChlor","Treubaria crassispina","Algaebase"
"195","Tribonema","","10c-FilaXant","Tribonema","Salmaso & Padisak 2007"
"204","Trichormus","","5e-Nostocales","Trichormus","Algaebase"
"2052","Trigonium","","7a-SmallCent","Trigonium","Phycokey"
"206","Triploceras","","10b-FilaConj","Triploceras","Phycokey"
"179","Trochiscia","aciculifera","1a-LargeChry","Trochiscia aciculifera","Algaebase"
"180","Trochiscia","granulata","1a-LargeChry","Trochiscia granulata","Algaebase"
"181","Trochiscia","planctonica","1a-LargeChry","Trochiscia planctonica","Algaebase"
"182","Trochiscia","","1a-LargeChry","Trochiscia","Algaebase"
"207","Tryblionella","","6b2-LUniPenn","Tryblionella","Rimet et al. 2018"
"208","Tryblionella","angustulata","7b-SmallPenn","Tryblionella angustulata","Rimet et al. 2018"
"2092","Tryblionella","levidensis","6b2-LUniPenn","Tryblionella levidensis","Rimet et al. 2018"
"183","Tychonema","","5a-FilaCyano","Tychonema","CyanoDB 2"
"2152","UFO","dinoflag","NA","UFO dinoflag","description"
"1321","Ulnaria","japonica","6b2-LUniPenn","Ulnaria japonica","Salmaso Geisha Powell Center Workshop"
"3812","Ulnaria","ulna","6b2-LUniPenn","Ulnaria ulna","Li et al. 2018"
"191","Ulothrix","","10a-FilaChlorp","Ulothrix","Salmaso & Padisak 2007"
"2871","unicellular","Mougeotia","9a-SmallConj","unicellular Mougeotia","Salmaso & Padisak 2007"
"2881","Unicellular","Ulotrichales","9d-SmallUnic","Unicellular Ulotrichales","Salmaso & Padisak 2007"
"2222","Unidentified","filamentous cyanobacteria","5a-FilaCyano","Unidentified filamentous cyanobacteria","description"
"224","Unidentified","blue-green","NA","Unidentified blue-green","description"
"2252","Unidentified","greens","NA","Unidentified greens","description"
"230","Unidentified","cyanophytes","5d-SmallChroo","Unidentified cyanophytes","description"
"2313","Unidentified","flagellates","NA","Unidentified flagellates","description"
"233","Unidentified","single","NA","Unidentified single","description"
"234","Unidentified","green","NA","Unidentified green","description"
"235","Unidentified","prokaryotic single","NA","Unidentified prokaryotic single","description"
"250","Unidentified","colonial green","NA","Unidentified colonial green","description"
"2514","Unidentified","coccal cell","NA","Unidentified coccal cell","description"
"2522","Unidentified","Dinophyceae","NA","Unidentified Dinophyceae","description"
"253","Unidentified","ovoid cyano","NA","Unidentified ovoid cyano","description"
"254","Unidentified","filament","NA","Unidentified filament","description"
"255","Unidentified","rods","NA","Unidentified rods","description"
"2752","Unidentified","Chlorophyceae","NA","Unidentified Chlorophyceae","description"
"2762","Unidentified","genus","NA","Unidentified genus","description"
"290","Uroglena","","1a-LargeChry","Uroglena","Salmaso & Padisak 2007"
"1711","Uroglena","americana","1a-LargeChry","Uroglena americana","Salmaso & Padisak 2007"
"210","Uroglenopsis","americana","1a-LargeChry","Uroglenopsis americana","Rimet et al. 2018"
"435","Urosolenia","","6a2-LUniCent","Urosolenia","Salmaso Geisha Powell Center Workshop"
"1461","Urosolenia","longiseta","6a2-LUniCent","Urosolenia longiseta","Salmaso Geisha Powell Center Workshop"
"3771","Urosolenia","","6a2-LUniCent","Urosolenia","Li et al. 2018"
"1471","Vacuolaria","","1a-LargeChry","Vacuolaria","Salmaso Geisha Powell Center Workshop"
"211","Vaucheria","","10c-FilaXant","Vaucheria","Algaebase"
"4161","Volvocales","incapsulate","3b-ColoPhyto","Volvocales incapsulate","Tolotti et al. 2010"
"276","Westella","","1b-LargeDino","Westella","Salmaso Geisha Powell Center Workshop"
"1481","Westella","botryoides","1a-LargeChry","Westella botryoides","Salmaso Geisha Powell Center Workshop"
"3431","Westella","","1b-LargeDino","Westella","Li et al. 2018"
"2901","Willea","vilhelmii","1b-LargeDino","Willea vilhelmii","Salmaso & Padisak 2007"
"3441","Willea","apiculata","1b-LargeDino","Willea apiculata","Li et al. 2018"
"335","Woloszynskia","","2b-SmallDino","Woloszynskia","Salmaso & Padisak 2007"
"184","Woronichinia","fusca","5c-OtherChroo","Woronichinia fusca","Salmaso Geisha Powell Center Workshop"
"185","Woronichinia","naegeliana cellulaire","5c-OtherChroo","Woronichinia naegeliana cellulaire","Salmaso Geisha Powell Center Workshop"
"186","Woronichinia","ruzickae","5c-OtherChroo","Woronichinia ruzickae","Salmaso Geisha Powell Center Workshop"
"187","Woronichinia","","5c-OtherChroo","Woronichinia","Salmaso Geisha Powell Center Workshop"
"2921","Xanth.","","1c-LargeEugl","Xanth.","Salmaso & Padisak 2007"
"537","Xanthidium","","8a-LargeCoCh","Xanthidium","Algaebase"
"283","Xanthophyceae","","10c-FilaXant","Xanthophyceae","description"
"188","Zygnema","","10b-FilaConj","Zygnema","Algaebase"
"212","Zygogonium","","10b-FilaConj","Zygogonium","Algaebase"
